es_id_db,es_id_model,status,draws_kept,draws_total,attempts
es0313,1,ok,101182,292357,3
es0314,2,ok,101198,178853,3
es0315,3,ok,101136,230938,3
es0316,4,ok,100223,341701,3
es0317,5,ok,100401,245616,3
es0318,6,ok,101360,345743,4
es0319,7,ok,100609,306387,3
es0320,8,ok,102264,223532,3
es0321,9,ok,100028,266319,3
es0322,10,ok,100052,258532,2
es0323,11,ok,100561,291205,3
es0324,12,ok,100015,305254,3
es0325,13,ok,101630,294352,3
es0326,14,ok,101619,316341,4
es0327,15,ok,101147,177494,2
es0328,16,ok,101511,284799,3
es0329,17,ok,101168,266507,3
es0330,18,ok,101459,164691,2
es0331,19,ok,100956,196928,2
es0332,20,ok,101672,304385,4
es0333,21,ok,100839,270675,3
es0334,22,ok,100257,220265,2
es0335,23,ok,101582,202629,3
es0336,24,ok,101485,278523,3
es0337,25,ok,100072,355443,3
es0338,26,ok,100811,265961,3
es0339,27,ok,100895,244121,3
es0340,28,ok,100913,341065,2
es0341,29,ok,104852,105503,3
es0342,30,ok,100497,135063,2
es0343,31,ok,100289,126872,2
es0344,32,ok,104898,105705,3
es0345,33,ok,100004,100101,2
es0346,34,ok,104882,106092,3
es0347,35,ok,100499,128502,2
es0348,36,ok,103899,129938,3
es0349,37,ok,100108,117371,2
es0350,38,ok,101180,280634,3
es0351,39,ok,100711,235203,3
es0352,40,ok,101646,302470,4
es0353,41,ok,103794,133370,3
es0354,42,ok,100644,314024,3
es0355,43,ok,100538,137175,2
es0356,44,ok,100222,107666,2
es0357,45,ok,103531,141315,3
es0358,46,ok,101408,315367,3
es0359,47,ok,100044,125629,2
es0360,48,ok,104720,108951,3
es0361,49,ok,100350,127130,2
es0362,50,ok,100462,302974,3
es0363,51,ok,101584,175184,3
es0364,52,ok,100483,305481,3
es0365,53,ok,100542,142288,2
es0366,54,ok,101258,203170,2
es0367,55,ok,104577,113390,3
es0368,56,ok,103574,146885,3
es0369,57,ok,100150,164528,2
es0370,58,ok,100117,103221,2
es0371,59,ok,104628,111158,3
es0372,60,ok,104004,125949,3
es0373,61,ok,104776,105929,3
es0374,62,ok,104506,114915,3
es0375,63,ok,100032,270958,3
es0376,64,ok,100793,159185,2
es0377,65,ok,100987,162233,2
es0378,66,ok,100402,267606,3
es0379,67,ok,104972,105000,3
es0380,68,ok,101171,196132,3
es0381,69,ok,100332,223514,2
es0382,70,ok,100020,354827,3
es0383,71,ok,101088,176929,2
es0384,72,ok,104999,105000,3
es0385,73,ok,100058,302313,3
es0386,74,ok,100053,112512,2
es0387,75,ok,101037,180246,2
es0388,76,ok,100000,100000,2
es0389,77,ok,101559,285427,3
es0390,78,ok,100237,117869,2
es0391,79,ok,104999,105000,3
es0392,80,ok,100622,228314,3
es0393,81,ok,100609,155909,2
es0394,82,ok,104999,105000,3
es0395,83,ok,104959,105463,3
es0396,84,ok,100248,127552,2
es0397,85,ok,100540,114156,2
es0398,86,ok,101044,172533,2
es0399,87,ok,101147,233833,3
es0400,88,ok,100009,237530,2
es0401,89,ok,102114,215425,2
es0402,90,ok,101220,194477,2
es0403,91,ok,101586,309942,4
es0404,92,ok,101786,193894,3
es0405,93,ok,100126,103670,2
es0406,94,ok,100238,130141,2
es0407,95,ok,102269,185441,3
es0408,96,ok,101783,209835,3
es0409,97,ok,100178,111186,2
es0410,98,ok,100441,126840,2
es0411,99,ok,100596,270112,3
es0412,100,ok,100085,388335,3
es0413,101,ok,101355,366037,4
es0414,102,ok,100078,164528,2
es0415,103,ok,100608,145349,2
es0416,104,ok,100392,137704,2
es0417,105,ok,100398,134409,2
es0418,106,ok,101583,219395,2
es0419,107,ok,100036,275607,3
es0420,108,ok,100146,246063,2
es0421,109,ok,100947,246430,3
es0422,110,ok,100031,305524,3
es0423,111,ok,100042,210882,2
es0424,112,ok,102356,194970,3
es0425,113,ok,101709,223628,3
es0426,114,ok,100205,110157,2
es0427,115,ok,100176,103200,2
es0428,116,ok,100654,155812,2
es0429,117,ok,100770,142167,2
es0430,118,ok,100418,157134,2
es0431,119,ok,100459,132909,2
es0432,120,ok,103803,130534,3
es0433,121,ok,104301,120102,3
es0434,122,ok,100352,250822,3
es0435,123,ok,101596,223915,3
es0436,124,ok,100444,268158,3
es0437,125,ok,102499,187682,3
es0438,126,ok,101767,271809,3
es0439,127,ok,100578,152859,2
es0440,128,ok,100805,162973,2
es0441,129,ok,100340,138889,2
es0442,130,ok,102087,219869,3
es0443,131,ok,100755,145265,2
es0444,132,ok,101645,160721,2
es0445,133,ok,103618,131711,3
es0446,134,ok,100915,223614,2
es0447,135,ok,100238,305437,2
es0448,136,ok,101216,322259,3
es0449,137,ok,100677,255627,3
es0450,138,ok,100476,294352,3
es0451,139,ok,101632,277629,3
es0452,140,ok,100696,226142,3
es0453,141,ok,100045,262658,3
es0454,142,ok,100130,105242,2
es0455,143,ok,104955,105041,3
es0456,144,ok,100078,204165,2
es0457,145,ok,100183,121655,2
es0458,146,ok,100075,163186,2
es0459,147,ok,101052,142288,2
es0460,148,ok,100225,108039,2
es0461,149,ok,100012,100061,2
es0462,150,ok,100598,255753,3
es0463,151,ok,100490,133192,2
es0464,152,ok,101840,198649,3
es0465,153,ok,102795,163983,3
es0466,154,ok,100000,100000,2
es0467,155,ok,101395,244006,3
es0468,156,ok,100004,567480,3
es0469,157,ok,101314,277778,2
es0470,158,ok,101433,338334,3
es0471,159,ok,100623,113482,2
es0472,160,ok,101175,175193,2
es0473,161,ok,100412,119475,2
es0474,162,ok,103242,146844,3
es0475,163,ok,101892,210931,3
es0476,164,ok,100821,306569,3
es0477,165,ok,101052,268714,3
es0478,166,ok,100002,247525,2
es0479,167,ok,101638,302342,4
es0480,168,ok,101069,293019,3
es0481,169,ok,102512,166343,3
es0482,170,ok,100206,118092,2
es0483,171,ok,100093,119589,2
es0484,172,ok,102547,195622,3
es0485,173,ok,100015,193275,2
es0486,174,ok,100007,105197,2
es0487,175,ok,100012,203005,2
es0488,176,ok,100520,295192,3
es0489,177,ok,100408,242643,3
es0490,178,ok,101570,260233,3
es0491,179,ok,100352,286849,3
es0492,180,ok,101607,209332,3
es0493,181,ok,101829,262335,3
es0494,182,ok,101115,340796,3
es0495,183,ok,100423,184366,2
es0496,184,ok,101188,230628,2
es0497,185,ok,101158,281549,3
es0498,186,ok,100952,162602,2
es0499,187,ok,100816,164258,2
es0500,188,ok,101009,190695,2
es0501,189,ok,100359,305998,2
es0502,190,ok,100558,159796,2
es0503,191,ok,100719,306205,3
es0504,192,ok,100241,133298,2
es0505,193,ok,101068,330521,3
es0506,194,ok,100566,157729,2
es0507,195,ok,100033,330624,3
es0508,196,ok,103989,129689,3
es0509,197,ok,100965,306024,3
es0510,198,ok,101313,202629,3
es0511,199,ok,102744,176645,3
es0512,200,ok,100059,335036,3
es0513,201,ok,101571,297398,3
es0514,202,ok,101217,141243,2
es0515,203,ok,100027,310540,3
es0516,204,ok,100122,206783,2
es0517,205,ok,102200,182180,3
es0518,206,ok,101658,305953,4
es0519,207,ok,101562,312126,3
es0520,208,ok,100455,144093,2
es0521,209,ok,100003,278024,3
es0522,210,ok,101326,305301,3
es0523,211,ok,100673,188822,2
es0524,212,ok,100124,205339,2
es0525,213,ok,101583,270534,3
es0526,214,ok,101075,219011,2
es0527,215,ok,101117,157679,2
es0528,216,ok,100907,180441,2
es0529,217,ok,101558,295024,3
es0530,218,ok,100892,182682,2
es0531,219,ok,100297,274979,3
es0532,220,ok,100086,130754,2
es0533,221,ok,101727,294151,4
es0534,222,ok,100596,143349,2
es0535,223,ok,100477,255753,3
es0536,224,ok,100346,154369,2
es0537,225,ok,100802,285389,2
es0538,226,ok,101712,217948,3
es0539,227,ok,101371,219042,3
es0540,228,ok,100424,267095,2
es0541,229,ok,101562,313172,4
es0542,230,ok,101770,280897,4
es0543,231,ok,101797,242643,3
es0544,232,ok,100022,170999,2
es0545,233,ok,102736,172001,3
es0546,234,ok,101554,292357,3
es0547,235,ok,100024,329283,3
es0548,236,ok,101576,220054,3
es0549,237,ok,101875,190805,3
es0550,238,ok,100644,314024,3
es0551,239,ok,101420,169091,2
es0552,240,ok,101217,183622,2
es0553,241,ok,101773,264876,3
es0554,242,ok,100503,308215,3
es0555,243,ok,101074,152533,2
es0556,244,ok,101292,171999,2
es0557,245,ok,100639,268673,2
es0558,246,ok,101507,310902,4
es0559,247,ok,100404,281374,2
es0560,248,ok,102121,189707,3
es0561,249,ok,101828,173464,3
es0562,250,ok,101006,221920,3
es0563,251,ok,102047,195259,3
es0564,252,ok,100959,284643,3
es0565,253,ok,100017,323447,3
es0566,254,ok,100465,128668,2
es0567,255,ok,100077,143349,2
es0568,256,ok,100769,340121,3
es0569,257,ok,100381,170069,2
es0570,258,ok,100164,131303,2
es0571,259,ok,102957,163329,3
es0572,260,ok,100793,159185,2
es0573,261,ok,100481,160876,2
es0574,262,ok,101156,311561,3
es0575,263,ok,102227,200695,3
es0576,264,ok,100553,149926,2
es0577,265,ok,102382,188756,3
es0578,266,ok,101009,363681,3
es0579,267,ok,100840,159847,2
es0580,268,ok,101527,273385,3
es0581,269,ok,100144,344353,2
es0582,270,ok,100054,319741,3
es0583,271,ok,100627,158178,2
es0584,272,ok,101311,247837,3
es0585,273,ok,100005,309642,3
es0586,274,ok,101516,305301,3
es0587,275,ok,101297,201079,3
es0588,276,ok,100942,147189,2
es0589,277,ok,101817,185571,3
es0590,278,ok,100254,233103,3
es0591,279,ok,100716,277480,3
es0592,280,ok,100724,292522,3
es0593,281,ok,101273,279956,2
es0594,282,ok,100607,247014,3
es0595,283,ok,100444,294352,3
es0596,284,ok,103517,147006,3
es0597,285,ok,100008,323487,3
es0598,286,ok,101513,329583,4
es0599,287,ok,100156,128403,2
es0600,288,ok,102311,186094,3
es0601,289,ok,101275,231245,3
es0602,290,ok,101157,147886,2
es0603,291,ok,101449,316916,3
es0604,292,ok,100045,298458,3
es0605,293,ok,100457,129837,2
es0606,294,ok,101518,335291,4
es0607,295,ok,100190,119275,2
es0608,296,ok,101739,247249,3
es0609,297,ok,100900,266644,3
es0610,298,ok,100202,113276,2
es0611,299,ok,100042,124876,2
es0612,300,ok,101309,265146,3
es0613,301,ok,101721,280028,3
es0614,302,ok,104093,124446,3
es0615,303,ok,100206,136092,2
es0616,304,ok,100380,150422,2
es0617,305,ok,100874,299812,3
es0618,306,ok,101683,306711,4
es0619,307,ok,103858,131040,3
es0620,308,ok,103508,143008,3
es0621,309,ok,100282,161760,2
es0622,310,ok,100141,122790,2
es0623,311,ok,100365,135318,2
es0624,312,ok,101054,295867,3
es0625,313,ok,100500,286374,3
es0626,314,ok,100381,222771,3
es0627,315,ok,101377,282162,3
es0628,316,ok,102369,205643,3
es0629,317,ok,101871,268299,4
es0630,318,ok,100244,129300,2
es0631,319,ok,100115,126969,2
es0632,320,ok,100548,219011,2
es0633,321,ok,101049,174095,2
es0634,322,ok,100927,277332,3
es0635,323,ok,104250,114722,3
es0636,324,ok,104544,113531,3
es0637,325,ok,100332,132697,2
es0638,326,ok,100409,120164,2
es0639,327,ok,104283,118896,3
es0640,328,ok,104274,117537,3
es0641,329,ok,100523,160257,2
es0642,330,ok,100113,136203,2
es0643,331,ok,100864,313072,3
es0644,332,ok,100070,174217,2
es0645,333,ok,100352,245039,3
es0646,334,ok,100378,172593,2
es0647,335,ok,100995,244006,3
es0648,336,ok,100917,271667,3
es0720,337,ok,100000,100000,2
es0721,338,ok,100000,100000,2
es0722,339,ok,100000,100000,2
es0723,340,ok,100000,100000,2
es0724,341,ok,100000,100000,2
es0725,342,ok,100000,100000,2
es0726,343,ok,100199,105776,2
es0727,344,ok,101327,141603,2
es0728,345,ok,104788,107712,3
es0729,346,ok,101409,223436,3
es0730,347,ok,100119,327662,3
es0731,348,ok,100585,131579,2
es0732,349,ok,101730,278523,3
es0733,350,ok,101747,210931,3
es0734,351,ok,100315,114026,2
es0735,352,ok,101332,329887,3
es0736,353,ok,100398,249141,3
es0737,354,ok,100144,117234,2
es0738,355,ok,100000,100000,2
es0739,356,ok,100000,100000,2
es0740,357,ok,100000,100000,2
es0741,358,ok,100000,100000,2
es0742,359,ok,100000,100000,2
es0743,360,ok,100000,100000,2
es0744,361,ok,100000,100000,2
es0745,362,ok,100000,100000,2
es0746,363,ok,100000,100000,2
es0747,364,ok,100000,100000,2
es0748,365,ok,100000,100000,2
es0749,366,ok,100015,100021,2
es0750,367,ok,100000,100000,2
es0751,368,ok,100000,100000,2
es0752,369,ok,100000,100000,2
es0753,370,ok,100000,100000,2
es0754,371,ok,100000,100000,2
es0755,372,ok,100000,100000,2
es0756,373,ok,100000,100000,2
es0757,374,ok,100000,100000,2
es0758,375,ok,100000,100000,2
es0759,376,ok,100000,100000,2
es0760,377,ok,100000,100000,2
es0761,378,ok,100005,100021,2
es0762,379,ok,100015,396233,3
es0763,380,ok,100976,453233,4
es0764,381,ok,100289,320513,2
es0765,382,ok,101568,321008,4
es0766,383,ok,104071,123624,3
es0767,384,ok,100638,257398,3
es0768,385,ok,101435,215173,3
es0769,386,ok,101927,253386,3
es0770,387,ok,104936,105041,3
es0771,388,ok,104998,105000,3
es0772,389,ok,100120,103221,2
es0773,390,ok,104948,105041,3
es0774,391,ok,100000,100000,2
es0775,392,ok,100000,100000,2
es0776,393,ok,100000,100000,2
es0777,394,ok,100048,100141,2
es0778,395,ok,100000,100000,2
es0779,396,ok,100000,100000,2
es0780,397,ok,100000,100000,2
es0781,398,ok,104995,105000,3
es0782,399,ok,100000,100000,2
es0783,400,ok,104999,105000,3
es0784,401,ok,100000,100000,2
es0785,402,ok,100000,100000,2
es0786,403,ok,100015,118400,2
es0787,404,ok,102367,169258,3
es0788,405,ok,100734,151195,2
es0789,406,ok,100350,116659,2
es0790,407,ok,100494,155570,2
es0791,408,ok,100213,141563,2
es0792,409,ok,100000,100000,2
es0793,410,ok,100000,100000,2
es0794,411,ok,100000,100000,2
es0795,412,ok,100000,100000,2
es0796,413,ok,100000,100000,2
es0797,414,ok,100000,100000,2
es0798,415,ok,104784,107502,3
es0799,416,ok,100038,100101,2
es0800,417,ok,100014,100101,2
es0801,418,ok,100000,100000,2
es0802,419,ok,100011,100322,2
es0803,420,ok,104988,105101,3
es0804,421,ok,100011,100021,2
es0805,422,ok,104994,105000,3
es0806,423,ok,104984,105281,3
es0807,424,ok,100150,103692,2
es0808,425,ok,100108,102797,2
es0809,426,ok,100214,118260,2
es0810,427,ok,104807,105868,3
es0811,428,ok,104862,107881,3
es0812,429,ok,104987,105021,3
es0813,430,ok,104906,105101,3
es0814,431,ok,101194,284486,3
es0815,432,ok,100390,308399,3
es0816,433,ok,100902,306024,3
es0817,434,ok,100032,300924,3
es0818,435,ok,104998,105000,3
es0819,436,ok,104931,105021,3
es0820,437,ok,104999,105000,3
es0821,438,ok,104974,105000,3
es0822,439,ok,100000,100000,2
es0823,440,ok,101240,191777,3
es0824,441,ok,104820,108735,3
es0825,442,ok,100395,180116,2
es0826,443,ok,104686,110753,3
es0827,444,ok,104894,105909,3
es0828,445,ok,100958,375097,3
es0829,446,ok,100383,270675,3
es0830,447,ok,100000,100000,2
es0831,448,ok,101751,198799,3
es0832,449,ok,104787,108821,3
es0833,450,ok,104259,121226,3
es0834,451,ok,100000,100000,2
es0835,452,ok,101744,295132,4
es0836,453,ok,100346,108578,2
es0837,454,ok,101909,214381,3
es0838,455,ok,100384,133726,2
es0839,456,ok,104609,112945,3
es0840,457,ok,100127,308583,3
es0841,458,ok,100016,117897,2
es0842,459,ok,100000,100000,2
es0843,460,ok,104582,113413,3
es0844,461,ok,100000,100000,2
es0845,462,ok,104946,105604,3
es0846,463,ok,100118,305811,2
es0847,464,ok,104898,105101,3
es0848,465,ok,100509,123093,2
es0849,466,ok,104678,106689,3
es0850,467,ok,102261,183636,3
es0851,468,ok,104976,105021,3
es0852,469,ok,100449,147059,2
es0853,470,ok,104996,105000,3
es0854,471,ok,101537,215261,3
es0855,472,ok,104905,105402,3
es0856,473,ok,100162,110767,2
es0857,474,ok,100000,100000,2
es0858,475,ok,100303,214869,2
es0859,476,ok,100237,125188,2
es0860,477,ok,100049,100121,2
es0861,478,ok,100000,100000,2
es0882,479,ok,104999,105000,3
es0883,480,ok,100000,100000,2
es0884,481,ok,100000,100000,2
es0885,482,ok,104829,107670,3
es0886,483,ok,104999,105000,3
es0887,484,ok,100000,100000,2
es0888,485,ok,100000,100000,2
es0889,486,ok,104364,116782,3
es0890,487,ok,103936,125482,3
es0891,488,ok,101132,199442,2
es0892,489,ok,104999,105000,3
es0893,490,ok,104953,105021,3
es0894,491,ok,100000,100000,2
es0895,492,ok,100015,100041,2
es0896,493,ok,100000,100000,2
es0897,494,ok,100000,100000,2
es0898,495,ok,104997,105000,3
es0899,496,ok,100000,100000,2
es0900,497,ok,101305,159185,2
es0901,498,ok,100000,100000,2
es0902,499,ok,100000,100000,2
es0903,500,ok,101293,186777,2
es0904,501,ok,100468,121655,2
es0905,502,ok,100000,100000,2
es0906,503,ok,100000,100000,2
es0907,504,ok,100266,251005,2
es0908,505,ok,100062,111013,2
es0909,506,ok,104773,109866,3
es0910,507,ok,101159,180181,2
es0911,508,ok,100000,100000,2
es0912,509,ok,100000,100000,2
es0913,510,ok,104872,105402,3
es0914,511,ok,100000,100000,2
es0915,512,ok,100000,100000,2
es0916,513,ok,100711,330733,3
es0917,514,ok,103481,133271,3
es0918,515,ok,100509,124317,2
es0919,516,ok,104999,105000,3
es0920,517,ok,104847,106379,3
es0921,518,ok,100609,240073,3
es0922,519,ok,100016,100021,2
es0923,520,ok,100000,100000,2
es0924,521,ok,100000,100000,2
es0925,522,ok,100000,100000,2
es0926,523,ok,100000,100000,2
es0927,524,ok,100000,100000,2
es0928,525,ok,104993,105000,3
es0929,526,ok,100000,100000,2
es0930,527,ok,100000,100000,2
es0931,528,ok,100000,100000,2
es0932,529,ok,100000,100000,2
es0933,530,ok,100025,118400,2
es0934,531,ok,100000,100000,2
es0935,532,ok,100035,100261,2
es0936,533,ok,100000,100000,2
es0937,534,ok,100000,100000,2
es0938,535,ok,100000,100000,2
es0939,536,ok,100000,100000,2
es0940,537,ok,100000,100000,2
es0941,538,ok,100000,100000,2
es0942,539,ok,100000,100000,2
es0943,540,ok,100000,100000,2
es0944,541,ok,100000,100000,2
es0945,542,ok,104990,105000,3
es0946,543,ok,100000,100000,2
es0947,544,ok,103413,137838,3
es0948,545,ok,103419,144822,3
es0949,546,ok,100000,100000,2
es0950,547,ok,100000,100000,2
es0951,548,ok,100584,135649,2
es0952,549,ok,104989,105000,3
es0953,550,ok,100261,143514,2
es0954,551,ok,104882,105241,3
es0955,552,ok,100000,100000,2
es0956,553,ok,100000,100000,2
es0957,554,ok,100019,331867,3
es0958,555,ok,104930,105021,3
es0959,556,ok,100887,207266,3
es0960,557,ok,104243,118714,3
es0961,558,ok,100453,117261,2
es0962,559,ok,100000,100000,2
es0963,560,ok,100000,100000,2
es0964,561,ok,100000,100000,2
es0965,562,ok,100032,100241,2
es0966,563,ok,104845,106730,3
es0967,564,ok,100000,100000,2
es0968,565,ok,100000,100000,2
es0969,566,ok,101003,201613,2
es0970,567,ok,100112,192013,2
es0971,568,ok,100213,246185,2
es0972,569,ok,100000,100000,2
es0973,570,ok,100000,100000,2
es0974,571,ok,100064,114417,2
es0975,572,ok,100291,143267,2
es0976,573,ok,104470,115254,3
es0977,574,ok,100000,100000,2
es0978,575,ok,100000,100000,2
es0985,576,ok,100000,100000,2
es0988,577,ok,101397,308833,2
es0989,578,ok,100180,108933,2
es0990,579,ok,104814,107104,3
es0991,580,ok,100003,281169,3
es0992,581,ok,100487,143103,2
es0993,582,ok,100944,161604,2
es0994,583,ok,100037,299427,3
es0995,584,ok,100000,100000,2
es0996,585,ok,104980,105081,3
es0997,586,ok,104950,105281,3
es0998,587,ok,104923,105483,3
es0999,588,ok,100000,100000,2
es1000,589,ok,104891,105161,3
es1001,590,ok,100000,100000,2
es1002,591,ok,100000,100000,2
es1003,592,ok,100864,161604,2
es1004,593,ok,100941,251792,3
es1005,594,ok,101032,137024,2
es1006,595,ok,103330,147980,3
es1007,596,ok,101119,269411,3
es1008,597,ok,103051,152624,3
es1009,598,ok,101896,279643,2
es1010,599,ok,104515,113179,3
es1011,600,ok,100000,100000,2
es1012,601,ok,104663,107565,3
es1013,602,ok,100329,309322,3
es1014,603,ok,104746,108542,3
es1015,604,ok,104817,106400,3
es1136,605,ok,101224,208074,2
es1137,606,ok,101099,271525,3
es1138,607,ok,100688,120686,2
es1139,608,ok,104321,115133,3
es1140,609,ok,100108,103051,2
es1141,610,ok,100064,131200,2
es1142,611,ok,100763,156839,2
es1143,612,ok,104991,105061,3
es1144,613,ok,104980,105181,3
es1145,614,ok,100033,104822,2
es1146,615,ok,104776,106256,3
es1147,616,ok,100299,206441,2
es1148,617,ok,100333,116361,2
es1149,618,ok,104882,105241,3
es1150,619,ok,100314,119962,2
es1151,620,ok,101022,184980,2
es1152,621,ok,100027,100081,2
es1153,622,ok,100189,104363,2
es1154,623,ok,104792,106585,3
es1155,624,ok,101085,307115,3
es1156,625,ok,100122,131062,2
es1157,626,ok,104996,105000,3
es1158,627,ok,101446,282470,3
es1159,628,ok,100590,151516,2
es1160,629,ok,100858,313072,3
es1161,630,ok,104182,115254,3
es1162,631,ok,100093,106792,2
es1163,632,ok,100017,109099,2
es1164,633,ok,100012,103157,2
es1165,634,ok,104983,105000,3
es1166,635,ok,102772,174837,3
es1167,636,ok,104955,105000,3
es1168,637,ok,100853,186423,3
es1169,638,ok,101083,310065,3
es1170,639,ok,100000,100000,2
es1171,640,ok,101421,184366,2
es1172,641,ok,100274,115688,2
es1173,642,ok,104933,105101,3
es1174,643,ok,100160,106023,2
es1175,644,ok,104997,105000,3
es1176,645,ok,100000,100000,2
es1177,646,ok,104979,105000,3
es1178,647,ok,104785,108585,3
es1179,648,ok,100239,104998,2
es1180,649,ok,100135,111260,2
es1181,650,ok,100437,133512,2
es1182,651,ok,100080,100301,2
es1183,652,ok,100319,107666,2
es1184,653,ok,100191,104603,2
es1185,654,ok,104788,108627,3
es1186,655,ok,100098,103951,2
es1187,656,ok,104300,114794,3
es1188,657,ok,102269,170673,3
es1189,658,ok,100348,125723,2
es1190,659,ok,100017,299780,3
es1191,660,ok,100534,276887,3
es1192,661,ok,100238,286532,3
es1193,662,ok,100198,107875,2
es1194,663,ok,100612,114996,2
es1195,664,ok,104872,105281,3
es1196,665,ok,104918,105021,3
es1197,666,ok,100338,258165,3
es1198,667,ok,101353,177058,3
es1199,668,ok,100809,150648,2
es1200,669,ok,100288,248073,3
es1201,670,ok,100000,100000,2
es1202,671,ok,104988,105201,3
es1203,672,ok,100000,100000,2
es1204,673,ok,100000,100000,2
es1205,674,ok,101529,259066,3
es1206,675,ok,100220,290552,3
es1207,676,ok,100010,321165,3
es1208,677,ok,103792,128123,3
es1209,678,ok,100393,113740,2
es1210,679,ok,101716,209381,2
es1211,680,ok,101660,302892,4
es1212,681,ok,100193,543794,3
es1213,682,ok,100654,712463,4
es1214,683,ok,101183,241407,3
es1215,684,ok,100344,128370,2
es1216,685,ok,103234,152450,3
es1217,686,ok,100272,284253,2
es1218,687,ok,100178,759148,3
es1219,688,ok,100034,730067,3
es1220,689,ok,100023,174765,2
es1221,690,ok,100012,100241,2
es1222,691,ok,100013,344342,3
es1223,692,ok,101438,342119,4
es1224,693,ok,102513,157906,3
es1225,694,ok,101599,200008,3
es1226,695,ok,100885,117316,2
es1227,696,ok,100238,104559,2
es1228,697,ok,100591,128206,2
es1229,698,ok,100130,141483,2
es1230,699,ok,100308,314664,2
es1231,700,ok,103639,139990,3
es1232,701,ok,100443,117014,2
es1233,702,ok,104727,107481,3
es1234,703,ok,101981,168292,3
es1235,704,ok,104748,110153,3
es1236,705,ok,104738,108670,3
es1237,706,ok,100392,512821,2
es1238,707,ok,100011,303167,3
es1239,708,ok,100023,441294,3
es1240,709,ok,101262,381099,4
es1241,710,ok,102856,160039,3
es1242,711,ok,100000,463269,3
es1243,712,ok,100082,136463,2
es1244,713,ok,100373,405642,3
es1245,714,ok,104999,105000,3
es1246,715,ok,104998,105000,3
es1247,716,ok,100272,107044,2
es1248,717,ok,100662,248547,3
es1249,718,ok,100005,367177,3
es1250,719,ok,101568,149477,2
es1251,720,ok,100000,100000,2
es1252,721,ok,104830,105624,3
es1253,722,ok,104999,105000,3
es1254,723,ok,103077,147288,3
es1255,724,ok,101183,213943,3
es1256,725,ok,100443,297089,2
es1257,726,ok,100642,287008,3
es1258,727,ok,104724,105624,3
es1259,728,ok,100051,103542,2
es1260,729,ok,100000,100000,2
es1261,730,ok,100098,265817,2
es1262,731,ok,100302,144886,2
es1263,732,ok,101228,189682,2
es1264,733,ok,104965,105241,3
es1265,734,ok,100398,178190,2
es1266,735,ok,100783,305065,2
es1267,736,ok,100000,100000,2
es1268,737,ok,100000,100000,2
es1269,738,ok,100462,150106,2
es1270,739,ok,102063,169474,3
es1271,740,ok,100920,267882,3
es1272,741,ok,100006,115607,2
es1273,742,ok,100109,106952,2
es1274,743,ok,100034,100342,2
es1275,744,ok,104953,105021,3
es1276,745,ok,100000,100000,2
es1277,746,ok,101284,153705,2
es1278,747,ok,100078,100281,2
es1279,748,ok,104537,114338,3
es1280,749,ok,101882,273422,4
es1281,750,ok,100005,180963,2
es1282,751,ok,100136,112512,2
es1283,752,ok,104704,109406,3
es1284,753,ok,100120,111633,2
es1285,754,ok,100229,217225,3
es1286,755,ok,100282,258265,2
es1287,756,ok,100569,154036,2
es1288,757,ok,104413,114195,3
es1289,758,ok,100929,146413,2
es1290,759,ok,104824,107439,3
es1291,760,ok,100151,124471,2
es1292,761,ok,100073,100665,2
es1293,762,ok,101353,246081,3
es1294,763,ok,100065,100181,2
es1295,764,ok,101168,305481,3
es1296,765,ok,100400,261806,3
es1297,766,ok,100576,233311,3
es1298,767,ok,100778,296385,2
es1299,768,ok,104961,105362,3
es1300,769,ok,100048,104124,2
es1301,770,ok,101483,296037,3
es1302,771,ok,100000,100000,2
es1303,772,ok,100000,100000,2
es1304,773,ok,100486,412542,2
es1305,774,ok,100000,100000,2
es1307,775,ok,104212,120288,3
es1308,776,ok,100825,241519,3
es1309,777,ok,100022,310078,3
es1310,778,ok,100050,103800,2
es1311,779,ok,100103,108673,2
es1312,780,ok,100743,150016,2
es1313,781,ok,100305,135833,2
es1314,782,ok,103543,131872,3
es1315,783,ok,100213,128370,2
es1316,784,ok,100048,134301,2
es1317,785,ok,100775,150241,2
es1318,786,ok,100232,107620,2
es1319,787,ok,100373,314215,3
es1320,788,ok,100747,233624,3
es1326,789,ok,100000,100000,2
es1327,790,ok,104836,105564,3
es1328,791,ok,100137,110547,2
es1329,792,ok,100082,104319,2
es1330,793,ok,104990,105000,3
es1331,794,ok,104717,106482,3
es1332,795,ok,101173,258550,3
es1333,796,ok,101820,275449,4
es1334,797,ok,104947,105041,3
es1335,798,ok,104188,120341,3
es1336,799,ok,104159,116112,3
es1337,800,ok,103735,136892,3
es1338,801,ok,100717,221435,2
es1339,802,ok,100016,312701,3
es1340,803,ok,100009,100021,2
es1341,804,ok,100790,154417,2
es1342,805,ok,100947,177620,2
es1343,806,ok,100399,106090,2
es1344,807,ok,101860,198724,3
es1345,808,ok,101554,291042,3
es1346,809,ok,104369,115036,3
es1347,810,ok,100001,101400,2
es1348,811,ok,104775,107860,3
es1349,812,ok,102311,192126,3
es1350,813,ok,101044,284486,3
es1351,814,ok,100462,346998,3
es1352,815,ok,100020,100382,2
es1353,816,ok,101898,253139,3
es1354,817,ok,101590,180501,3
es1355,818,ok,100707,269411,3
es1356,819,ok,103183,155331,3
es1357,820,ok,101689,288608,3
es1358,821,ok,100034,440541,3
es1359,822,ok,104610,109189,3
es1360,823,ok,104723,106318,3
es1361,824,ok,100102,129871,2
es1362,825,ok,104715,107166,3
es1363,826,ok,104177,121361,3
es1364,827,ok,100129,108791,2
es1365,828,ok,100073,114417,2
es1366,829,ok,104875,107125,3
es1367,830,ok,104981,105241,3
es1368,831,ok,104929,105463,3
es1369,832,ok,100050,111334,2
es1370,833,ok,100030,100301,2
es1371,834,ok,101434,341248,3
es1372,835,ok,100150,128304,2
es1373,836,ok,100237,127033,2
es1374,837,ok,102577,187482,3
es1375,838,ok,100066,104319,2
es1376,839,ok,101261,174217,2
es1377,840,ok,104992,105000,3
es1378,841,ok,100054,104080,2
es1379,842,ok,100403,115128,2
es1380,843,ok,104141,121037,3
es1381,844,ok,100841,146242,2
es1382,845,ok,101403,196792,3
es1383,846,ok,102456,179521,3
es1384,847,ok,104989,105000,3
es1385,848,ok,103998,127881,3
es1386,849,ok,101002,168748,2
es1387,850,ok,104792,106174,3
es1388,851,ok,104900,106072,3
es1389,852,ok,100040,265282,3
es1390,853,ok,100283,113405,2
es1391,854,ok,100762,151562,2
es1392,855,ok,101746,181160,2
es1393,856,ok,100122,112335,2
es1394,857,ok,100051,109338,2
es1395,858,ok,104928,106051,3
es1396,859,ok,102303,186094,3
es1397,860,ok,100015,100141,2
es1398,861,ok,101257,342838,3
es1399,862,ok,104687,109211,3
es1400,863,ok,101251,249260,3
es1401,864,ok,104896,105121,3
es1402,865,ok,104920,105564,3
es1403,866,ok,100687,163292,2
es1404,867,ok,104981,105000,3
es1405,868,ok,102421,204601,3
es1406,869,ok,104995,105000,3
es1407,870,ok,104921,105041,3
es1408,871,ok,101368,181555,2
es1409,872,ok,100156,127098,2
es1410,873,ok,100000,100000,2
es1411,874,ok,104999,105000,3
es1412,875,ok,100003,113251,2
es1413,876,ok,100054,102987,2
es1414,877,ok,102964,165876,3
es1415,878,ok,100021,100161,2
es1416,879,ok,104816,107208,3
es1417,880,ok,100049,102104,2
es1418,881,ok,100727,120686,2
es1419,882,ok,100288,223714,2
es1420,883,ok,104997,105000,3
es1421,884,ok,104774,105827,3
es1422,885,ok,100000,100000,2
es1423,886,ok,100355,116632,2
es1424,887,ok,100507,151378,2
es1425,888,ok,101038,501855,4
es1426,889,ok,101417,259741,2
es1427,890,ok,100737,123396,2
es1428,891,ok,100000,100000,2
es1429,892,ok,100745,185392,2
es1430,893,ok,100551,146628,2
es1431,894,ok,104991,105000,3
es1432,895,ok,104868,107250,3
es1433,896,ok,100000,100000,2
es1434,897,ok,100007,100402,2
es1435,898,ok,100000,100000,2
es1436,899,ok,100000,100000,2
es1437,900,ok,100000,100000,2
es1438,901,ok,100227,136501,2
es1439,902,ok,104799,105909,3
es1440,903,ok,101047,303152,3
es1441,904,ok,101103,327789,3
es1442,905,ok,100012,100021,2
es1443,906,ok,104999,105000,3
es1444,907,ok,100531,305843,3
es1445,908,ok,104996,105041,3
es1446,909,ok,100008,100021,2
es1447,910,ok,104996,105000,3
es1448,911,ok,104999,105000,3
es1449,912,ok,102076,214820,3
es1450,913,ok,100443,324045,2
es1451,914,ok,101389,198349,3
es1452,915,ok,100125,110964,2
es1453,916,ok,101312,383502,3
es1454,917,ok,102638,457457,2
es1455,918,ok,104338,119574,3
es1456,919,ok,100915,475367,3
es1457,920,ok,104986,105061,3
es1458,921,ok,100030,331442,3
es1459,922,ok,104795,106482,3
es1460,923,ok,104979,105021,3
es1461,924,ok,103511,137732,3
es1462,925,ok,100000,100000,2
es1463,926,ok,100305,148368,2
es1464,927,ok,102764,142250,3
es1465,928,ok,100383,163774,2
es1466,929,ok,101772,241295,3
es1467,930,ok,100191,155087,2
es1468,931,ok,100059,583076,3
es1469,932,ok,100926,297057,3
es1470,933,ok,100662,127878,2
es1471,934,ok,100018,292182,3
es1472,935,ok,101562,238645,3
es1473,936,ok,100496,129400,2
es1474,937,ok,100007,100041,2
es1475,938,ok,100993,195695,2
es1476,939,ok,100557,231589,2
es1477,940,ok,100000,100000,2
es1478,941,ok,100403,139237,2
es1479,942,ok,100000,100000,2
es1480,943,ok,102020,213769,3
es1481,944,ok,100000,100000,2
es1482,945,ok,100000,100000,2
es1483,946,ok,104999,105000,3
es1484,947,ok,100000,100000,2
es1485,948,ok,100324,118484,2
es1486,949,ok,100060,100301,2
es1487,950,ok,100142,129736,2
es1488,951,ok,100161,112133,2
es1489,952,ok,100000,100000,2
es1490,953,ok,100845,228514,3
es1491,954,ok,103390,151585,3
es1492,955,ok,104310,111338,3
es1493,956,ok,102453,160715,3
es1494,957,ok,104738,105909,3
es1495,958,ok,101972,200849,3
es1496,959,ok,101479,147755,2
es1497,960,ok,103835,134400,3
es1498,961,ok,102335,206208,3
es1499,962,ok,100473,133121,2
es1500,963,ok,104999,105000,3
es1501,964,ok,101157,209206,2
es1502,965,ok,104975,105021,3
es1503,966,ok,100000,100000,2
es1504,967,ok,100905,189538,2
es1505,968,ok,100000,100000,2
es1506,969,ok,100547,305843,3
es1507,970,ok,100009,163239,2
es1508,971,ok,104143,124418,3
es1509,972,ok,104022,116309,3
es1510,973,ok,104772,107397,3
es1511,974,ok,100916,166945,2
es1512,975,ok,100600,131822,2
es1513,976,ok,100308,107182,2
es1514,977,ok,102205,213769,3
es1515,978,ok,104294,113578,3
es1516,979,ok,104750,106813,3
es1517,980,ok,104986,105021,3
es1518,981,ok,101990,232895,3
es1519,982,ok,104806,105523,3
es1520,983,ok,100000,100000,2
es1521,984,ok,100737,118568,2
es1522,985,ok,100000,100000,2
es1523,986,ok,100000,100000,2
es1524,987,ok,104228,122289,3
es1525,988,ok,100000,100000,2
es1526,989,ok,100276,251763,2
es1527,990,ok,100241,104756,2
es1528,991,ok,104883,105121,3
es1529,992,ok,104990,105000,3
es1530,993,ok,100000,100000,2
es1531,994,ok,104758,106523,3
es1532,995,ok,100036,101400,2
es1533,996,ok,104933,105101,3
es1534,997,ok,100057,109722,2
es1535,998,ok,104998,105000,3
es1536,999,ok,100436,252271,2
es1537,1000,ok,104899,106359,3
es1538,1001,ok,100479,315174,3
es1539,1002,ok,104989,105000,3
es1540,1003,ok,100220,260233,3
es1541,1004,ok,104891,105543,3
es1542,1005,ok,104987,105000,3
es1543,1006,ok,100135,106383,2
es1544,1007,ok,100000,100000,2
es1545,1008,ok,100513,128502,2
es1546,1009,ok,104307,118482,3
es1547,1010,ok,100965,247280,2
es1548,1011,ok,101437,229358,2
es1549,1012,ok,100035,132381,2
es1550,1013,ok,101794,275374,4
es1551,1014,ok,101775,268575,3
es1552,1015,ok,100048,135355,2
es1553,1016,ok,102783,177891,3
es1554,1017,ok,100242,205677,2
es1555,1018,ok,100000,100000,2
es1556,1019,ok,100619,168351,2
es1557,1020,ok,100000,100000,2
es1558,1021,ok,101724,242643,3
es1559,1022,ok,100000,100000,2
es1560,1023,ok,100000,100000,2
es1561,1024,ok,104999,105000,3
es1562,1025,ok,100000,100000,2
es1563,1026,ok,100520,118737,2
es1564,1027,ok,100051,100301,2
es1565,1028,ok,102513,171279,3
es1566,1029,ok,100293,138620,2
es1567,1030,ok,104987,105021,3
es1568,1031,ok,100538,236911,3
es1569,1032,ok,101239,180116,2
es1570,1033,ok,100618,113534,2
es1571,1034,ok,103351,152929,3
es1572,1035,ok,100453,114943,2
es1573,1036,ok,104976,105201,3
es1574,1037,ok,100000,100000,2
es1575,1038,ok,100533,121981,2
es1576,1039,ok,100000,100000,2
es1577,1040,ok,100000,100000,2
es1578,1041,ok,100236,113534,2
es1579,1042,ok,100000,100000,2
es1580,1043,ok,100066,278349,3
es1581,1044,ok,104846,106277,3
es1582,1045,ok,100032,100161,2
es1583,1046,ok,100000,100000,2
es1584,1047,ok,100000,100000,2
es1585,1048,ok,104905,105281,3
es1586,1049,ok,104890,106031,3
es1587,1050,ok,100027,100161,2
es1588,1051,ok,104440,113155,3
es1589,1052,ok,100000,100000,2
es1590,1053,ok,104945,105021,3
es1591,1054,ok,101245,250701,3
es1592,1055,ok,100000,102062,2
es1593,1056,ok,104963,105000,3
es1594,1057,ok,100023,101503,2
es1595,1058,ok,100000,100000,2
es1596,1059,ok,103984,127580,3
es1597,1060,ok,100051,105575,2
es1598,1061,ok,100313,650196,2
es1599,1062,ok,101440,289415,3
es1600,1063,ok,101003,155618,2
es1601,1064,ok,101796,183254,3
es1602,1065,ok,101439,346368,4
es1603,1066,ok,100838,187759,2
es1604,1067,ok,103523,142817,3
es1605,1068,ok,101525,204499,2
es1606,1069,ok,104991,105041,3
es1607,1070,ok,100643,125345,2
es1608,1071,ok,100653,117703,2
es1609,1072,ok,100000,100000,2
es1610,1073,ok,104915,105281,3
es1611,1074,ok,100000,100000,2
es1612,1075,ok,100000,100000,2
es1613,1076,ok,100044,105109,2
es1614,1077,ok,100000,100000,2
es1615,1078,ok,104999,105000,3
es1616,1079,ok,100000,100000,2
es1617,1080,ok,104900,105888,3
es1618,1081,ok,102253,166135,3
es1619,1082,ok,100000,100000,2
es1620,1083,ok,100000,100000,2
es1621,1084,ok,104869,105807,3
es1622,1085,ok,104971,105000,3
es1623,1086,ok,103039,146563,3
es1624,1087,ok,104999,105000,3
es1625,1088,ok,102320,175882,3
es1626,1089,ok,100272,151104,2
es1627,1090,ok,101167,172177,2
es1628,1091,ok,100233,167898,2
es1629,1092,ok,103972,127580,3
es1630,1093,ok,100315,327869,2
es1631,1094,ok,100680,213950,2
es1632,1095,ok,100669,124471,2
es1633,1096,ok,100740,266667,2
es1634,1097,ok,100126,158580,2
es1635,1098,ok,100106,102902,2
es1636,1099,ok,100000,100000,2
es1637,1100,ok,104998,105000,3
es1638,1101,ok,104994,105000,3
es1639,1102,ok,100000,100000,2
es1640,1103,ok,100106,140057,2
es1641,1104,ok,104993,105021,3
es1642,1105,ok,100088,102397,2
es1643,1106,ok,100000,100000,2
es1644,1107,ok,104404,112643,3
es1645,1108,ok,101161,248665,3
es1646,1109,ok,104999,105000,3
es1647,1110,ok,100000,100000,2
es1648,1111,ok,100000,100000,2
es1649,1112,ok,100699,253550,2
es1650,1113,ok,104999,105000,3
es1651,1114,ok,100000,100000,2
es1652,1115,ok,100042,101627,2
es1653,1116,ok,104999,105000,3
es1654,1117,ok,100010,100021,2
es1655,1118,ok,100000,100000,2
es1656,1119,ok,100033,100301,2
es1657,1120,ok,100489,124286,2
es1658,1121,ok,100000,100000,2
es1659,1122,ok,100000,100000,2
es1660,1123,ok,100000,100000,2
es1661,1124,ok,100314,201046,2
es1662,1125,ok,101182,164854,2
es1663,1126,ok,104917,105543,3
es1664,1127,ok,100000,100000,2
es1665,1128,ok,100000,100000,2
es1666,1129,ok,104759,109954,3
es1667,1130,ok,100040,103864,2
es1668,1131,ok,104981,105382,3
es1669,1132,ok,100269,143761,2
es1670,1133,ok,100000,100000,2
es1671,1134,ok,100000,100000,2
es1672,1135,ok,100000,100000,2
es1673,1136,ok,100024,100041,2
es1674,1137,ok,100000,100000,2
es1675,1138,ok,100000,100000,2
es1676,1139,ok,100000,100000,2
es1677,1140,ok,104994,105000,3
es1678,1141,ok,104568,111361,3
es1679,1142,ok,100000,100000,2
es1680,1143,ok,100000,100000,2
es1681,1144,ok,100517,150331,2
es1682,1145,ok,104689,111429,3
es1683,1146,ok,100134,105419,2
es1684,1147,ok,104913,105929,3
es1685,1148,ok,100778,148280,2
es1686,1149,ok,100336,119589,2
es1687,1150,ok,104640,107523,3
es1688,1151,ok,101289,184639,2
es1689,1152,ok,100096,104189,2
es1690,1153,ok,104925,105848,3
es1691,1154,ok,100001,100021,2
es1692,1155,ok,100000,100000,2
es1693,1156,ok,100389,124813,2
es1694,1157,ok,104395,112366,3
es1695,1158,ok,100006,100564,2
es1696,1159,ok,101887,197629,2
es1697,1160,ok,100000,100000,2
es1698,1161,ok,101222,315560,3
es1699,1162,ok,100582,1133787,2
es1700,1163,ok,100158,180702,2
es1701,1164,ok,101167,410272,4
es1702,1165,ok,102160,221142,2
es1703,1166,ok,100242,122310,2
es1704,1167,ok,101561,251792,3
es1705,1168,ok,103590,137697,3
es1706,1169,ok,103427,146084,3
es1707,1170,ok,101299,251914,3
es1708,1171,ok,100270,137325,2
es1709,1172,ok,100419,110620,2
es1710,1173,ok,100041,275028,2
es1711,1174,ok,104834,106011,3
es1712,1175,ok,101457,202239,3
es1713,1176,ok,100787,260417,2
es1714,1177,ok,100023,100221,2
es1715,1178,ok,104714,107586,3
es1716,1179,ok,100510,190115,2
es1717,1180,ok,100599,117371,2
es1718,1181,ok,100603,234148,3
es1719,1182,ok,100144,124969,2
es1720,1183,ok,101098,181687,2
es1721,1184,ok,100138,139939,2
es1722,1185,ok,100343,202512,2
es1723,1186,ok,100155,106225,2
es1724,1187,ok,103786,128518,3
es1725,1188,ok,100040,105397,2
es1726,1189,ok,101585,456205,2
es1727,1190,ok,100054,381591,3
es1728,1191,ok,100614,132066,2
es1729,1192,ok,100180,367319,3
es1730,1193,ok,100787,349163,2
es1731,1194,ok,101478,212814,3
es1732,1195,ok,100843,158832,2
es1733,1196,ok,104997,105000,3
es1734,1197,ok,100706,356371,3
es1735,1198,ok,104877,105990,3
es1736,1199,ok,104997,105000,3
es1737,1200,ok,100419,167113,2
es1738,1201,ok,100000,100000,2
es1739,1202,ok,103011,168613,3
es1740,1203,ok,103290,152624,3
es1741,1204,ok,100793,120164,2
es1742,1205,ok,100059,251510,2
es1743,1206,ok,103237,147572,3
es1744,1207,ok,100651,500541,3
es1745,1208,ok,100863,157134,2
es1746,1209,ok,100062,107643,2
es1747,1210,ok,100436,353108,2
es1748,1211,ok,100224,273673,2
es1749,1212,ok,102522,193254,3
es1750,1213,ok,104884,106092,3
es1751,1214,ok,100673,242484,2
es1752,1215,ok,100801,117261,2
es1753,1216,ok,100000,100281,2
es1754,1217,ok,100040,101462,2
es1755,1218,ok,100000,100000,2
es1756,1219,ok,100639,228314,3
es1757,1220,ok,100000,100000,2
es1758,1221,ok,100000,100000,2
es1759,1222,ok,100036,100241,2
es1760,1223,ok,100000,100000,2
es1761,1224,ok,100059,138735,2
es1762,1225,ok,104846,106359,3
es1763,1226,ok,104278,112643,3
es1764,1227,ok,100620,134844,2
es1765,1228,ok,100000,100000,2
es1766,1229,ok,100172,174642,2
es1767,1230,ok,104374,114028,3
es1768,1231,ok,104911,106585,3
es1769,1232,ok,100254,220362,2
es1770,1233,ok,104718,105868,3
es1771,1234,ok,100151,156202,2
es1772,1235,ok,100546,242601,2
es1773,1236,ok,100760,170707,2
es1774,1237,ok,101797,196498,3
es1775,1238,ok,103740,130032,3
es1776,1239,ok,104966,105041,3
es1777,1240,ok,100621,291042,3
es1778,1241,ok,104502,106441,3
es1779,1242,ok,104998,105000,3
es1780,1243,ok,102651,164034,3
es1781,1244,ok,100000,100000,2
es1782,1245,ok,101102,253139,3
es1783,1246,ok,102959,160861,3
es1784,1247,ok,100074,128701,2
es1785,1248,ok,100908,170882,2
es1786,1249,ok,103988,127071,3
es1787,1250,ok,101269,215425,2
es1788,1251,ok,100083,140647,2
es1789,1252,ok,100110,112537,2
es1790,1253,ok,100168,240964,2
es1791,1254,ok,100012,157184,2
es1792,1255,ok,100051,107136,2
es1793,1256,ok,104952,105061,3
es1794,1257,ok,100016,282327,2
es1795,1258,ok,104928,105101,3
es1796,1259,ok,100000,100000,2
es1797,1260,ok,100623,127552,2
es1798,1261,ok,100000,100000,2
es1799,1262,ok,100000,100000,2
es1800,1263,ok,103648,133271,3
es1801,1264,ok,100000,100000,2
es1802,1265,ok,101014,298600,3
es1803,1266,ok,103941,123176,3
es1804,1267,ok,104801,105543,3
es1805,1268,ok,104901,105141,3
es1806,1269,ok,100000,100000,2
es1807,1270,ok,104723,106359,3
es1808,1271,ok,104896,105382,3
es1809,1272,ok,104976,105061,3
es1810,1273,ok,100231,118064,2
es1811,1274,ok,104980,105000,3
es1812,1275,ok,100952,274274,2
es1813,1276,ok,104169,120849,3
es1814,1277,ok,100650,124441,2
es1815,1278,ok,100000,100000,2
es1816,1279,ok,100600,284799,3
es1817,1280,ok,104936,105141,3
es1818,1281,ok,104999,105000,3
es1819,1282,ok,104309,120075,3
es1820,1283,ok,100000,100000,2
es1821,1284,ok,100966,141684,2
es1822,1285,ok,104010,121632,3
es1823,1286,ok,100167,123305,2
es1824,1287,ok,100954,244141,2
es1825,1288,ok,104001,125366,3
es1826,1289,ok,101112,343643,2
es1827,1290,ok,100720,145307,2
es1828,1291,ok,104505,112829,3
es1829,1292,ok,102072,210931,3
es1830,1293,ok,102229,222109,3
es1831,1294,ok,104996,105000,3
es1832,1295,ok,104469,110441,3
es1833,1296,ok,100000,100000,2
es1834,1297,ok,101818,227223,3
es1835,1298,ok,100000,100000,2
es1836,1299,ok,100000,100000,2
es1837,1300,ok,104999,105000,3
es1838,1301,ok,100000,100000,2
es1839,1302,ok,100242,112562,2
es1840,1303,ok,104995,105000,3
es1841,1304,ok,100385,120193,2
es1842,1305,ok,101476,342382,4
es1843,1306,ok,104815,105402,3
es1844,1307,ok,101843,269023,4
es1845,1308,ok,100195,129568,2
es1846,1309,ok,104561,110197,3
es1847,1310,ok,100365,127714,2
es1848,1311,ok,100852,157283,2
es1849,1312,ok,104949,105041,3
es1850,1313,ok,100000,100000,2
es1851,1314,ok,100139,156986,2
es1852,1315,ok,100000,100000,2
es1853,1316,ok,100000,100000,2
es1854,1317,ok,100762,174035,2
es1855,1318,ok,100000,100000,2
es1856,1319,ok,100034,852281,3
es1857,1320,ok,100186,173793,2
es1858,1321,ok,100070,102041,2
es1859,1322,ok,104905,105061,3
es1860,1323,ok,100000,100000,2
es1861,1324,ok,104817,106174,3
es1862,1325,ok,104853,105746,3
es1863,1326,ok,104969,105221,3
es1864,1327,ok,100731,143144,2
es1865,1328,ok,104999,105000,3
es1866,1329,ok,100134,123549,2
es1867,1330,ok,103284,144044,3
es1868,1331,ok,100634,223514,2
es1869,1332,ok,104809,106277,3
es1870,1333,ok,104978,105081,3
es1871,1334,ok,104992,105000,3
es1872,1335,ok,100098,105508,2
es1873,1336,ok,104958,105201,3
es1874,1337,ok,100034,830050,3
es1875,1338,ok,104279,120367,3
es1876,1339,ok,100111,161187,2
es1877,1340,ok,100126,111782,2
es1878,1341,ok,101252,305481,3
es1879,1342,ok,100860,570318,4
es1880,1343,ok,100196,103670,2
es1881,1344,ok,104241,119890,3
es1882,1345,ok,104998,105041,3
es1883,1346,ok,100249,107713,2
es1884,1347,ok,100166,103030,2
es1885,1348,ok,100000,100000,2
es1886,1349,ok,104999,105000,3
es1887,1350,ok,100000,100000,2
es1888,1351,ok,100000,100000,2
es1889,1352,ok,102527,168453,3
es1890,1353,ok,100000,100000,2
es1891,1354,ok,104999,105000,3
es1892,1355,ok,100000,100000,2
es1893,1356,ok,104603,108328,3
es1894,1357,ok,101511,215085,3
es1895,1358,ok,100000,100000,2
es1896,1359,ok,100000,100000,2
es1897,1360,ok,104750,107104,3
es1898,1361,ok,104993,105000,3
es1899,1362,ok,102901,146403,3
es1900,1363,ok,104999,105000,3
es1901,1364,ok,102702,180995,3
es1902,1365,ok,103667,143160,3
es1903,1366,ok,100835,131961,2
es1904,1367,ok,100027,208943,2
es1905,1368,ok,103411,142590,3
es1906,1369,ok,101385,292569,2
es1907,1370,ok,101343,158278,2
es1908,1371,ok,104385,118174,3
es1909,1372,ok,101866,239412,3
es1910,1373,ok,101799,212469,3
es1911,1374,ok,104955,105121,3
es1912,1375,ok,100000,100000,2
es1913,1376,ok,100000,100000,2
es1914,1377,ok,104999,105000,3
es1915,1378,ok,100000,100000,2
es1916,1379,ok,100346,312126,3
es1917,1380,ok,104995,105000,3
es1918,1381,ok,100001,102691,2
es1919,1382,ok,104990,105000,3
es1920,1383,ok,100325,144718,2
es1921,1384,ok,100013,311037,3
es1922,1385,ok,104999,105000,3
es1923,1386,ok,104998,105000,3
es1924,1387,ok,100000,100000,2
es1925,1388,ok,100500,158278,2
es1926,1389,ok,100000,100000,2
es1927,1390,ok,100000,100000,2
es1928,1391,ok,100342,109650,2
es1929,1392,ok,100000,100000,2
es1930,1393,ok,104999,105000,3
es1931,1394,ok,100000,100000,2
es1932,1395,ok,100075,100261,2
es1933,1396,ok,100458,114785,2
es1934,1397,ok,100000,100000,2
es1935,1398,ok,100000,100000,2
es1936,1399,ok,100000,100000,2
es1937,1400,ok,101761,256636,3
es1938,1401,ok,100016,323138,3
es1939,1402,ok,104915,105949,3
es1940,1403,ok,104958,105041,3
es1941,1404,ok,100000,100000,2
es1942,1405,ok,100098,101833,2
es1943,1406,ok,100010,100665,2
es1944,1407,ok,100007,100121,2
es1945,1408,ok,102818,159036,3
es1946,1409,ok,100000,100000,2
es1947,1410,ok,100000,100000,2
es1948,1411,ok,100000,100000,2
es1949,1412,ok,104882,105949,3
es1950,1413,ok,100000,100000,2
es1951,1414,ok,100000,100000,2
es1952,1415,ok,100000,100000,2
es1953,1416,ok,104999,105000,3
es1954,1417,ok,100004,101462,2
es1955,1418,ok,100000,100000,2
es1956,1419,ok,100000,100000,2
es1957,1420,ok,102400,182494,3
es1958,1421,ok,104719,107481,3
es1959,1422,ok,104493,114076,3
es1960,1423,ok,104901,105624,3
es1961,1424,ok,100139,131857,2
es1962,1425,ok,100102,105686,2
es1963,1426,ok,104794,105382,3
es1964,1427,ok,101454,205087,2
es1965,1428,ok,104658,111610,3
es1966,1429,ok,100030,100766,2
es1967,1430,ok,104956,105101,3
es1968,1431,ok,100000,100000,2
es1969,1432,ok,104740,108843,3
es1970,1433,ok,104924,105766,3
es1971,1434,ok,100054,100141,2
es1972,1435,ok,102840,172786,3
es1973,1436,ok,104999,105000,3
es1974,1437,ok,100197,121066,2
es1975,1438,ok,101675,251792,3
es1976,1439,ok,103794,132389,3
es1977,1440,ok,100642,262998,3
es1978,1441,ok,100440,271150,2
es1979,1442,ok,100029,106792,2
es1980,1443,ok,103169,150943,3
es1981,1444,ok,100113,110767,2
es1982,1445,ok,100000,297951,3
es1983,1446,ok,100595,142046,2
es1984,1447,ok,100011,106474,2
es1985,1448,ok,100557,127552,2
es1986,1449,ok,101484,294352,3
es1987,1450,ok,104636,111884,3
es1988,1451,ok,101683,306754,4
es1989,1452,ok,102468,166918,3
es1990,1453,ok,100039,100322,2
es1991,1454,ok,104359,118123,3
es1992,1455,ok,100407,142208,2
es1993,1456,ok,104541,113791,3
es1994,1457,ok,101845,171224,3
es1995,1458,ok,102648,191777,3
es1996,1459,ok,100773,189538,2
es1997,1460,ok,100085,109650,2
es1998,1461,ok,100032,174095,2
es1999,1462,ok,100119,101647,2
es2000,1463,ok,104128,120394,3
es2001,1464,ok,104528,113673,3
es2002,1465,ok,100000,100000,2
es2003,1466,ok,100391,273673,3
es2004,1467,ok,104875,105021,3
es2005,1468,ok,100000,100000,2
es2006,1469,ok,100000,100000,2
es2007,1470,ok,100000,100000,2
es2008,1471,ok,100000,100000,2
es2009,1472,ok,100000,100000,2
es2010,1473,ok,100881,267380,2
es2011,1474,ok,100000,100000,2
es2012,1475,ok,100148,100463,2
es2013,1476,ok,104991,105000,3
es2014,1477,ok,100000,100000,2
es2015,1478,ok,100000,100000,2
es2016,1479,ok,100000,100000,2
es2017,1480,ok,100000,100000,2
es2018,1481,ok,100000,100000,2
es2019,1482,ok,100000,100000,2
es2020,1483,ok,100000,100000,2
es2021,1484,ok,100000,100000,2
es2022,1485,ok,102422,266099,2
es2023,1486,ok,104954,105181,3
es2024,1487,ok,100000,100000,2
es2025,1488,ok,100000,100000,2
es2026,1489,ok,100000,100000,2
es2027,1490,ok,100005,100061,2
es2028,1491,ok,104752,106400,3
es2029,1492,ok,100010,100021,2
es2030,1493,ok,102377,187017,3
es2031,1494,ok,100021,202348,2
es2032,1495,ok,100000,100000,2
es2033,1496,ok,100000,100000,2
es2034,1497,ok,100042,100081,2
es2035,1498,ok,100000,100000,2
es2036,1499,ok,104460,111068,3
es2037,1500,ok,100000,100000,2
es2038,1501,ok,100011,100021,2
es2039,1502,ok,103083,145727,3
es2040,1503,ok,100053,100121,2
es2041,1504,ok,100000,100000,2
es2042,1505,ok,100090,103670,2
es2043,1506,ok,100000,100000,2
es2044,1507,ok,100014,100021,2
es2045,1508,ok,100000,100000,2
es2046,1509,ok,100000,100000,2
es2047,1510,ok,104989,105000,3
es2048,1511,ok,100000,100000,2
es2049,1512,ok,100000,100000,2
es2050,1513,ok,100000,100000,2
es2051,1514,ok,100000,100000,2
es2052,1515,ok,100000,100000,2
es2053,1516,ok,101345,169607,2
es2054,1517,ok,100000,100000,2
es2055,1518,ok,100038,100081,2
es2056,1519,ok,104999,105000,3
es2057,1520,ok,100000,100000,2
es2058,1521,ok,100000,100000,2
es2059,1522,ok,100000,100000,2
es2060,1523,ok,100000,100000,2
es2061,1524,ok,100000,100000,2
es2062,1525,ok,100000,100000,2
es2063,1526,ok,100000,100000,2
es2064,1527,ok,100000,100000,2
es2065,1528,ok,100935,216865,3
es2066,1529,ok,104992,105000,3
es2067,1530,ok,100000,100000,2
es2068,1531,ok,100000,100000,2
es2069,1532,ok,104998,105000,3
es2070,1533,ok,104994,105000,3
es2071,1534,ok,104949,105101,3
es2072,1535,ok,104914,105021,3
es2073,1536,ok,104916,105787,3
es2074,1537,ok,100000,100000,2
es2075,1538,ok,100011,100041,2
es2076,1539,ok,101647,228814,3
es2077,1540,ok,104998,105000,3
es2078,1541,ok,100000,100000,2
es2079,1542,ok,104978,105000,3
es2080,1543,ok,104982,105041,3
es2081,1544,ok,100207,113611,2
es2082,1545,ok,100256,105910,2
es2083,1546,ok,100000,100000,2
es2084,1547,ok,100000,100000,2
es2085,1548,ok,104515,115133,3
es2086,1549,ok,100003,148105,2
es2087,1550,ok,100000,100000,2
es2088,1551,ok,104996,105000,3
es2089,1552,ok,100000,100000,2
es2090,1553,ok,100123,103778,2
es2091,1554,ok,100011,100322,2
es2092,1555,ok,100000,100000,2
es2093,1556,ok,101240,265417,3
es2094,1557,ok,100079,104866,2
es2095,1558,ok,100000,100000,2
es2096,1559,ok,100490,133941,2
es2097,1560,ok,101278,189251,2
es2098,1561,ok,100000,100000,2
es2099,1562,ok,102860,176058,3
es2100,1563,ok,100000,100000,2
es2101,1564,ok,100000,100000,2
es2102,1565,ok,102936,156286,3
es2103,1566,ok,104988,105000,3
es2104,1567,ok,100000,100000,2
es2105,1568,ok,100000,100000,2
es2106,1569,ok,103350,147208,3
es2107,1570,ok,102049,171612,3
es2108,1571,ok,100172,125818,2
es2109,1572,ok,102912,168239,3
es2110,1573,ok,100000,100000,2
es2111,1574,ok,100000,100000,2
es2112,1575,ok,104996,105021,3
es2113,1576,ok,100000,100000,2
es2114,1577,ok,104882,105523,3
es2115,1578,ok,100000,100000,2
es2116,1579,ok,100496,154799,2
es2117,1580,ok,100351,113328,2
es2118,1581,ok,100009,113585,2
es2119,1582,ok,104759,106051,3
es2120,1583,ok,104944,105281,3
es2121,1584,ok,100000,100000,2
es2122,1585,ok,100016,100161,2
es2123,1586,ok,100000,100000,2
es2124,1587,ok,100000,100000,2
es2125,1588,ok,100022,110400,2
es2126,1589,ok,100569,124627,2
es2127,1590,ok,100000,100000,2
es2128,1591,ok,100000,100000,2
es2129,1592,ok,100002,100021,2
es2130,1593,ok,100000,100000,2
es2131,1594,ok,100032,100181,2
es2132,1595,ok,100000,100000,2
es2133,1596,ok,100509,304322,2
es2134,1597,ok,100006,104319,2
es2135,1598,ok,103478,142288,3
es2136,1599,ok,100003,112008,2
es2137,1600,ok,104977,105061,3
es2138,1601,ok,100000,100000,2
es2139,1602,ok,100006,100201,2
es2140,1603,ok,100000,100000,2
es2141,1604,ok,100000,100000,2
es2142,1605,ok,100993,239083,3
es2143,1606,ok,104999,105000,3
es2144,1607,ok,104965,105000,3
es2145,1608,ok,104942,105281,3
es2146,1609,ok,104997,105000,3
es2147,1610,ok,100917,168068,2
es2148,1611,ok,104908,105101,3
es2149,1612,ok,100132,110157,2
es2150,1613,ok,100709,302847,2
es2151,1614,ok,100115,106158,2
es2152,1615,ok,100050,102229,2
es2153,1616,ok,100701,152069,2
es2154,1617,ok,100000,100000,2
es2155,1618,ok,100000,100221,2
es2156,1619,ok,104993,105000,3
es2157,1620,ok,104148,118276,3
es2158,1621,ok,100000,100000,2
es2159,1622,ok,104999,105000,3
es2160,1623,ok,100032,100101,2
es2161,1624,ok,100000,100000,2
es2162,1625,ok,100461,113405,2
es2163,1626,ok,104998,105000,3
es2164,1627,ok,100199,125188,2
es2165,1628,ok,101400,202923,2
es2166,1629,ok,104389,116434,3
es2167,1630,ok,104751,107418,3
es2168,1631,ok,100072,108390,2
es2169,1632,ok,100000,100000,2
es2170,1633,ok,100029,100382,2
es2171,1634,ok,100000,100000,2
es2172,1635,ok,104920,105061,3
es2173,1636,ok,100000,100000,2
es2174,1637,ok,100046,100121,2
es2175,1638,ok,100013,100382,2
es2176,1639,ok,100000,100000,2
es2177,1640,ok,100000,100000,2
es2178,1641,ok,100000,100000,2
es2179,1642,ok,100000,100000,2
es2180,1643,ok,104995,105000,3
es2181,1644,ok,100000,100000,2
es2182,1645,ok,100000,100000,2
es2183,1646,ok,100000,100000,2
es2184,1647,ok,101981,200313,3
es2185,1648,ok,100099,102987,2
es2186,1649,ok,100000,100000,2
es2187,1650,ok,100004,101875,2
es2188,1651,ok,100000,100000,2
es2189,1652,ok,104762,107062,3
es2190,1653,ok,100057,381743,3
es2191,1654,ok,100000,100000,2
es2192,1655,ok,100155,133476,2
es2193,1656,ok,100000,100000,2
es2194,1657,ok,100000,100000,2
es2195,1658,ok,100307,104472,2
es2196,1659,ok,104995,105000,3
es2197,1660,ok,100000,100000,2
es2198,1661,ok,100000,100000,2
es2199,1662,ok,104910,105665,3
es2200,1663,ok,104996,105000,3
es2201,1664,ok,104940,105523,3
es2202,1665,ok,100646,125566,2
es2203,1666,ok,104961,105000,3
es2204,1667,ok,100438,114574,2
es2205,1668,ok,104996,105041,3
es2206,1669,ok,104987,105000,3
es2207,1670,ok,104960,105523,3
es2208,1671,ok,100568,390803,3
es2209,1672,ok,104944,105261,3
es2210,1673,ok,104984,105000,3
es2211,1674,ok,104961,105201,3
es2212,1675,ok,100000,100000,2
es2213,1676,ok,100000,100000,2
es2214,1677,ok,100000,100000,2
es2215,1678,ok,104989,105000,3
es2216,1679,ok,104917,105402,3
es2217,1680,ok,104998,105000,3
es2218,1681,ok,100000,100000,2
es2219,1682,ok,100000,100000,2
es2220,1683,ok,104096,113319,3
es2221,1684,ok,101844,183572,3
es2222,1685,ok,100000,100000,2
es2223,1686,ok,104593,110065,3
es2224,1687,ok,104967,105121,3
es2225,1688,ok,100011,963827,3
es2226,1689,ok,100012,100121,2
es2227,1690,ok,104987,105000,3
es2228,1691,ok,100978,306569,3
es2229,1692,ok,100000,100000,2
es2230,1693,ok,104987,105000,3
es2231,1694,ok,100000,100000,2
es2232,1695,ok,101458,233938,3
es2233,1696,ok,100000,100000,2
es2234,1697,ok,100027,106000,2
es2235,1698,ok,100000,100000,2
es2236,1699,ok,100000,100000,2
es2237,1700,ok,100143,110498,2
es2238,1701,ok,104936,105241,3
es2239,1702,ok,100000,100000,2
es2240,1703,ok,100000,100000,2
es2241,1704,ok,100030,104713,2
es2242,1705,ok,100058,102691,2
es2243,1706,ok,100155,159388,2
es2244,1707,ok,100332,134662,2
es2245,1708,ok,104962,105061,3
es2246,1709,ok,100000,100000,2
es2247,1710,ok,100039,100201,2
es2248,1711,ok,100000,100000,2
es2249,1712,ok,100000,100000,2
es2250,1713,ok,100078,102691,2
es2251,1714,ok,104840,106751,3
es2252,1715,ok,103134,1243782,2
es2253,1716,ok,104986,105000,3
es2254,1717,ok,100010,100061,2
es2255,1718,ok,104998,105000,3
es2256,1719,ok,101779,798723,2
es2257,1720,ok,101471,313262,3
es2258,1721,ok,104950,105021,3
es2259,1722,ok,100000,100000,2
es2260,1723,ok,100120,102166,2
es2261,1724,ok,104977,105301,3
es2262,1725,ok,100000,100000,2
es2263,1726,ok,104991,105000,3
es2264,1727,ok,100000,100000,2
es2265,1728,ok,104719,106359,3
es2266,1729,ok,104996,105000,3
es2267,1730,ok,100000,100000,2
es2268,1731,ok,100000,100000,2
es2269,1732,ok,104991,105000,3
es2270,1733,ok,100000,100000,2
es2271,1734,ok,100692,256806,2
es2272,1735,ok,100000,100000,2
es2273,1736,ok,100000,100000,2
es2274,1737,ok,100000,100000,2
es2275,1738,ok,104211,119917,3
es2276,1739,ok,104999,105000,3
es2277,1740,ok,100000,100000,2
es2278,1741,ok,104397,110910,3
es2279,1742,ok,100995,159592,2
es2280,1743,ok,100385,145138,2
es2281,1744,ok,100597,149746,2
es2282,1745,ok,104829,106195,3
es2283,1746,ok,100261,106998,2
es2284,1747,ok,101281,260689,2
es2285,1748,ok,104150,114939,3
es2286,1749,ok,100012,136575,2
es2287,1750,ok,100778,152579,2
es2288,1751,ok,103167,157906,3
es2289,1752,ok,100125,145307,2
es2290,1753,ok,104231,120288,3
es2291,1754,ok,104336,112159,3
es2292,1755,ok,100165,115128,2
es2293,1756,ok,100025,111136,2
es2294,1757,ok,104776,109669,3
es2295,1758,ok,104252,122344,3
es2296,1759,ok,103167,157906,3
es2297,1760,ok,102618,173977,3
es2298,1761,ok,104135,118922,3
es2299,1762,ok,104166,113109,3
es2300,1763,ok,100021,203833,2
es2301,1764,ok,100112,152254,2
es2302,1765,ok,100141,107666,2
es2303,1766,ok,100953,167281,2
es2304,1767,ok,100573,221044,2
es2305,1768,ok,100004,100021,2
es2306,1769,ok,100002,288314,3
es2307,1770,ok,101053,218950,3
es2308,1771,ok,100390,106497,2
es2309,1772,ok,100000,100000,2
es2310,1773,ok,100006,100101,2
es2311,1774,ok,101624,227124,3
es2312,1775,ok,102117,182431,3
es2313,1776,ok,100393,886835,3
es2314,1777,ok,101305,378808,4
es2315,1778,ok,100332,142654,2
es2316,1779,ok,101864,210762,3
es2317,1780,ok,100000,100000,2
es2318,1781,ok,100392,441682,3
es2319,1782,ok,101964,248665,3
es2320,1783,ok,102317,167867,3
es2321,1784,ok,101701,244121,3
es2322,1785,ok,102448,186819,3
es2323,1786,ok,101391,156495,2
es2324,1787,ok,101956,221451,3
es2325,1788,ok,103348,148349,3
es2326,1789,ok,101937,240270,2
es2327,1790,ok,100542,285427,3
es2328,1791,ok,100134,182084,2
es2329,1792,ok,100108,105955,2
es2330,1793,ok,100128,166224,2
es2331,1794,ok,101695,220054,3
es2332,1795,ok,100003,168578,2
es2333,1796,ok,101554,297569,3
es2334,1797,ok,102025,237992,3
es2335,1798,ok,101685,210087,3
es2336,1799,ok,102273,229316,3
es2337,1800,ok,100108,105955,2
es2338,1801,ok,101205,415450,4
es2339,1802,ok,101797,215527,3
es2340,1803,ok,100260,173914,2
es2341,1804,ok,100599,251427,3
es2342,1805,ok,104102,116932,3
es2343,1806,ok,100657,144760,2
es2344,1807,ok,100818,128568,2
es2345,1808,ok,100905,177684,2
es2346,1809,ok,101871,217045,3
es2347,1810,ok,100127,241295,3
es2348,1811,ok,100057,100221,2
es2349,1812,ok,102242,209583,3
es2350,1813,ok,102098,244349,3
es2351,1814,ok,101200,191425,2
es2352,1815,ok,100907,257070,2
es2353,1816,ok,100849,192234,2
es2354,1817,ok,103966,127700,3
es2355,1818,ok,100277,242837,2
es2356,1819,ok,100057,100221,2
es2357,1820,ok,101410,931099,2
es2358,1821,ok,100870,242484,2
es2359,1822,ok,100676,191792,2
es2360,1823,ok,104937,105241,3
es2361,1824,ok,100243,110841,2
es2362,1825,ok,100481,155135,2
es2363,1826,ok,104038,124847,3
es2364,1827,ok,103128,163731,3
es2365,1828,ok,101020,318284,3
es2366,1829,ok,104981,105000,3
es2367,1830,ok,100427,408164,2
es2368,1831,ok,100823,149343,2
es2369,1832,ok,100040,120077,2
es2370,1833,ok,100559,132909,2
es2371,1834,ok,100197,124689,2
es2372,1835,ok,104667,109910,3
es2373,1836,ok,100923,155425,2
es2374,1837,ok,104981,105000,3
es2375,1838,ok,100259,356888,2
es2376,1839,ok,100497,145096,2
es2377,1840,ok,100057,123123,2
es2378,1841,ok,101786,233624,3
es2379,1842,ok,100000,100000,2
es2380,1843,ok,101886,192477,3
es2381,1844,ok,102263,174263,3
es2382,1845,ok,100043,100281,2
es2383,1846,ok,100000,100000,2
es2384,1847,ok,100000,100000,2
es2385,1848,ok,100232,120949,2
es2386,1849,ok,100044,103520,2
es2387,1850,ok,101415,270252,3
es2388,1851,ok,101835,202006,3
es2389,1852,ok,101519,199442,2
es2390,1853,ok,100072,121213,2
es2391,1854,ok,100000,100000,2
es2392,1855,ok,100368,137666,2
es2393,1856,ok,100408,121537,2
es2394,1857,ok,100016,103477,2
es2395,1858,ok,104963,105604,3
es2396,1859,ok,100168,253509,3
es2397,1860,ok,101961,254621,4
es2398,1861,ok,100126,109915,2
es2399,1862,ok,104999,105000,3
es2400,1863,ok,100120,103713,2
es2401,1864,ok,100324,167673,2
es2402,1865,ok,100195,138735,2
es2403,1866,ok,100038,443389,3
es2404,1867,ok,100932,279726,3
es2405,1868,ok,101071,282316,3
es2406,1869,ok,102951,172449,3
es2407,1870,ok,104999,105000,3
es2408,1871,ok,101215,253633,3
es2409,1872,ok,100230,169377,2
es2410,1873,ok,103290,142628,3
es2411,1874,ok,104862,105422,3
es2412,1875,ok,100786,123978,2
es2413,1876,ok,100948,150967,2
es2414,1877,ok,100181,106203,2
es2415,1878,ok,103906,127160,3
es2416,1879,ok,100135,103115,2
es2417,1880,ok,100061,100362,2
es2418,1881,ok,104499,112829,3
es2419,1882,ok,104807,107649,3
es2420,1883,ok,104915,105061,3
es2421,1884,ok,104842,107924,3
es2422,1885,ok,100181,106203,2
es2423,1886,ok,101353,209644,2
es2424,1887,ok,100047,103157,2
es2425,1888,ok,100032,100362,2
es2426,1889,ok,101220,255753,3
es2427,1890,ok,100075,117069,2
es2428,1891,ok,100000,100000,2
es2429,1892,ok,104752,108606,3
es2430,1893,ok,100000,245782,3
es2431,1894,ok,101231,202317,3
es2432,1895,ok,100010,845633,3
es2433,1896,ok,101278,390031,4
es2434,1897,ok,100937,171822,2
es2435,1898,ok,102145,241058,4
es2436,1899,ok,100000,100000,2
es2437,1900,ok,100013,523959,3
es2438,1901,ok,101860,268585,4
es2439,1902,ok,102432,193822,3
es2440,1903,ok,102987,161691,3
es2441,1904,ok,100048,102187,2
es2442,1905,ok,103087,147980,3
es2443,1906,ok,100138,211328,2
es2444,1907,ok,100554,167842,2
es2445,1908,ok,100969,345368,3
es2446,1909,ok,101897,260233,3
es2447,1910,ok,101834,247719,3
es2448,1911,ok,101346,220611,3
es2449,1912,ok,100048,102187,2
es2450,1913,ok,101870,378215,2
es2451,1914,ok,102379,213943,3
es2452,1915,ok,100903,171999,2
es2453,1916,ok,100026,100061,2
es2454,1917,ok,100234,340137,2
es2455,1918,ok,100618,146671,2
es2456,1919,ok,103997,124847,3
es2457,1920,ok,100174,139237,2
es2458,1921,ok,100423,125157,2
es2459,1922,ok,104676,108886,3
es2460,1923,ok,100941,150785,2
es2461,1924,ok,100026,100061,2
es2462,1925,ok,100435,449237,2
es2463,1926,ok,100517,145265,2
es2464,1927,ok,103790,125861,3
es2465,1928,ok,104998,105000,3
es2466,1929,ok,104999,105000,3
es2467,1930,ok,100000,100000,2
es2468,1931,ok,100000,100000,2
es2469,1932,ok,100000,100000,2
es2470,1933,ok,104999,105000,3
es2471,1934,ok,104999,105000,3
es2472,1935,ok,101479,302974,3
es2473,1936,ok,104958,105021,3
es2474,1937,ok,104999,105000,3
es2475,1938,ok,100000,100000,2
es2476,1939,ok,100282,124813,2
es2477,1940,ok,100313,104866,2
es2478,1941,ok,100941,137855,2
es2479,1942,ok,100321,116064,2
es2480,1943,ok,104885,105624,3
es2481,1944,ok,100634,123518,2
es2482,1945,ok,104999,105000,3
es2483,1946,ok,100035,682678,3
es2484,1947,ok,100077,126775,2
es2485,1948,ok,100090,104059,2
es2486,1949,ok,100449,269252,2
es2487,1950,ok,100492,347936,3
es2488,1951,ok,100084,244858,2
es2489,1952,ok,103488,137276,3
es2490,1953,ok,100949,317500,3
es2491,1954,ok,104999,105000,3
es2492,1955,ok,100823,566291,4
es2493,1956,ok,100021,313015,3
es2494,1957,ok,100960,275179,2
es2495,1958,ok,100782,234963,2
es2496,1959,ok,101518,193125,2
es2497,1960,ok,100463,116714,2
es2498,1961,ok,100001,276774,3
es2499,1962,ok,100000,100000,2
es2500,1963,ok,101247,320856,3
es2501,1964,ok,100066,270109,3
es2502,1965,ok,100006,322921,3
es2503,1966,ok,100487,387556,3
es2504,1967,ok,100040,400802,3
es2505,1968,ok,101185,414837,3
es2506,1969,ok,104999,105000,3
es2507,1970,ok,100448,195986,3
es2508,1971,ok,100164,302620,3
es2509,1972,ok,101151,272810,3
es2510,1973,ok,100455,225938,2
es2511,1974,ok,100036,258650,3
es2512,1975,ok,104999,105000,3
es2513,1976,ok,100295,282933,3
es2514,1977,ok,100054,237343,3
es2515,1978,ok,101619,201928,3
es2516,1979,ok,100727,131131,2
es2517,1980,ok,104999,105000,3
es2518,1981,ok,101517,241631,3
es2519,1982,ok,100347,136240,2
es2520,1983,ok,104364,119182,3
es2521,1984,ok,104999,105000,3
es2522,1985,ok,100017,740185,3
es2523,1986,ok,100057,330909,3
es2524,1987,ok,101790,273962,3
es2525,1988,ok,104958,105021,3
es2526,1989,ok,104999,105000,3
es2527,1990,ok,100000,100000,2
es2528,1991,ok,100016,445839,3
es2529,1992,ok,101182,410847,2
es2530,1993,ok,101336,288930,3
es9309,1994,ok,100000,100000,2
es9310,1995,ok,100000,100000,2
es9311,1996,ok,100000,100000,2
es9312,1997,ok,100000,100000,2
es9313,1998,ok,100000,100000,2
es9314,1999,ok,100000,100000,2
es9315,2000,ok,100587,159541,2
es9316,2001,ok,100287,284643,3
es9317,2002,ok,100000,100000,2
es9318,2003,ok,100742,185874,2
es9319,2004,ok,100000,100000,2
es9320,2005,ok,100717,234083,2
es9345,2006,ok,100000,100000,2
es9346,2007,ok,100000,100000,2
es9347,2008,ok,100000,100000,2
es9348,2009,ok,100000,100000,2
es9349,2010,ok,104998,105000,3
es9350,2011,ok,100234,129534,2
es9351,2012,ok,100000,100000,2
es9352,2013,ok,100000,100000,2
es9353,2014,ok,104857,107586,3
es9354,2015,ok,104839,106689,3
es9355,2016,ok,100003,100021,2
es9356,2017,ok,104987,105000,3
es9357,2018,ok,100000,100000,2
es9358,2019,ok,100019,100221,2
es9359,2020,ok,100000,100000,2
es9360,2021,ok,104999,105000,3
es9361,2022,ok,100000,100000,2
es9362,2023,ok,104938,106031,3
es9363,2024,ok,101589,273097,3
es9364,2025,ok,104517,114939,3
es9365,2026,ok,101861,276667,4
es9366,2027,ok,102409,184019,3
es9367,2028,ok,100440,343984,3
es9368,2029,ok,100781,186082,2
es2549,2030,ok,100000,100000,2
es2550,2031,ok,100000,100000,2
es2551,2032,ok,100000,100000,2
es2552,2033,ok,100000,100000,2
es2553,2034,ok,100000,100000,2
es2554,2035,ok,100000,100000,2
es2555,2036,ok,100000,100000,2
es2556,2037,ok,100000,100000,2
es2557,2038,ok,100000,100000,2
es2558,2039,ok,100000,100000,2
es2567,2040,ok,100541,133476,2
es2568,2041,ok,103049,165824,3
es2569,2042,ok,100766,245616,3
es2570,2043,ok,100291,122580,2
es2571,2044,ok,101372,197902,3
es2572,2045,ok,101452,186290,2
es2573,2046,ok,100332,123396,2
es2574,2047,ok,102894,165876,3
es2575,2048,ok,101495,230938,3
es2576,2049,ok,100757,244579,3
es2577,2050,ok,100048,278973,3
es2578,2051,ok,100050,300684,3
es2579,2052,ok,102044,217495,3
es2580,2053,ok,100860,298945,3
es2581,2054,ok,101401,193724,2
es2582,2055,ok,100302,116987,2
es2583,2056,ok,101678,292616,4
es2584,2057,ok,104341,117436,3
es2585,2058,ok,100048,104406,2
es2586,2059,ok,100030,294045,3
es2587,2060,ok,104740,107104,3
es2588,2061,ok,100564,131822,2
es2589,2062,ok,100921,271297,2
es2590,2063,ok,104309,113039,3
es2591,2064,ok,100782,138008,2
es2592,2065,ok,100398,283707,3
es2593,2066,ok,100336,165618,2
es2594,2067,ok,100515,150241,2
es2595,2068,ok,100518,291205,3
es2596,2069,ok,103358,154971,3
es2624,2070,ok,100513,167673,2
es2625,2071,ok,100079,113870,2
es2626,2072,ok,100750,224821,2
es2627,2073,ok,100485,149477,2
es2628,2074,ok,100178,120949,2
es2629,2075,ok,100477,134990,2
es2630,2076,ok,100954,182084,2
es2631,2077,ok,100087,252909,2
es2632,2078,ok,101079,227791,2
es2633,2079,ok,100754,119991,2
es2634,2080,ok,100293,142939,2
es2635,2081,ok,100441,143844,2
es2636,2082,ok,100297,305662,3
es2637,2083,ok,101153,160206,2
es2638,2084,ok,100367,143803,2
es2639,2085,ok,100015,242484,2
es2640,2086,ok,103145,157626,3
es2641,2087,ok,100038,330079,3
es2642,2088,ok,101655,309253,4
es2643,2089,ok,101245,186012,2
es2644,2090,ok,100059,102966,2
es2645,2091,ok,100753,299291,3
es2646,2092,ok,100858,138428,2
es2647,2093,ok,101053,251427,3
es2648,2094,ok,101311,185246,3
es2649,2095,ok,101636,311185,3
es2650,2096,ok,100009,297620,3
es2651,2097,ok,100334,119048,2
es2652,2098,ok,100615,182749,2
es2653,2099,ok,100565,306387,3
es2654,2100,ok,100184,226964,2
es2655,2101,ok,100350,266370,3
es2656,2102,ok,100034,101813,2
es2657,2103,ok,100283,237192,2
es2658,2104,ok,101003,210704,2
es2659,2105,ok,100436,144718,2
es2660,2106,ok,100267,114182,2
es2661,2107,ok,101218,276887,3
es2662,2108,ok,101455,194251,3
es2663,2109,ok,100469,239853,3
es2664,2110,ok,102953,158799,3
es2665,2111,ok,101600,188466,2
es2666,2112,ok,100246,138967,2
es2667,2113,ok,100467,289901,3
es2668,2114,ok,100887,208595,2
es2669,2115,ok,100047,296385,2
es2670,2116,ok,100990,167673,2
es2671,2117,ok,100321,135539,2
es2672,2118,ok,101721,205000,3
es2673,2119,ok,100293,146542,2
es2674,2120,ok,100230,247837,3
es2675,2121,ok,101086,151700,2
es2676,2122,ok,100411,282316,3
es2677,2123,ok,100143,278823,3
es2678,2124,ok,100660,292853,3
es2679,2125,ok,100807,122071,2
es2680,2126,ok,100281,276592,3
es2681,2127,ok,100774,258550,3
es2682,2128,ok,100494,176305,2
es2683,2129,ok,100770,175009,2
es2684,2130,ok,100575,138505,2
es2685,2131,ok,101053,165235,2
es2686,2132,ok,101773,243892,3
es2687,2133,ok,100450,117261,2
es2688,2134,ok,102304,160521,3
es2689,2135,ok,101173,251063,3
es2690,2136,ok,102316,169258,3
es2691,2137,ok,100009,260628,3
es2692,2138,ok,100125,300334,3
es2693,2139,ok,100305,138237,2
es2694,2140,ok,102074,211954,3
es2695,2141,ok,101837,235309,3
es2696,2142,ok,102697,182684,3
es2697,2143,ok,100776,306024,3
es2698,2144,ok,103353,150603,3
es2699,2145,ok,100206,228311,2
es2700,2146,ok,101039,200000,2
es2701,2147,ok,100985,260103,3
es2702,2148,ok,100100,204416,2
es2703,2149,ok,101273,214409,2
es2704,2150,ok,100207,232343,2
es2705,2151,ok,100287,118064,2
es2706,2152,ok,102595,171113,3
es2707,2153,ok,100279,149121,2
es2708,2154,ok,101123,309137,3
es2709,2155,ok,100704,300858,3
es2710,2156,ok,100621,120106,2
es2711,2157,ok,100473,120890,2
es2712,2158,ok,101352,228414,3
es2713,2159,ok,102278,207184,3
es2714,2160,ok,100652,162338,2
es2715,2161,ok,100230,253016,3
es2716,2162,ok,104852,107924,3
es2717,2163,ok,100488,304044,3
es2718,2164,ok,100749,147276,2
es2719,2165,ok,104674,109625,3
es2720,2166,ok,100034,251763,2
es2721,2167,ok,101396,193183,3
es2722,2168,ok,100343,296037,3
es2723,2169,ok,100547,147580,2
es2724,2170,ok,100282,211060,2
es2725,2171,ok,100841,123579,2
es2726,2172,ok,100896,149836,2
es2727,2173,ok,100643,151470,2
es2728,2174,ok,101046,199045,2
es2729,2175,ok,100788,168805,2
es2730,2176,ok,101939,261503,4
es2731,2177,ok,101018,167786,2
es2732,2178,ok,100740,128206,2
es2733,2179,ok,101636,219593,3
es2734,2180,ok,101595,313336,4
es2735,2181,ok,100323,256636,3
es2736,2182,ok,100045,120657,2
es2737,2183,ok,102046,191498,3
es2738,2184,ok,101672,302226,4
es2739,2185,ok,100028,303952,3
es2740,2186,ok,100466,136912,2
es2741,2187,ok,100985,155570,2
es2742,2188,ok,101303,300858,3
es2743,2189,ok,101104,226143,2
es2744,2190,ok,100479,269688,2
es2745,2191,ok,100438,236184,2
es2746,2192,ok,100046,304761,3
es2747,2193,ok,101910,222865,3
es2748,2194,ok,101648,257653,3
es2749,2195,ok,101620,313476,4
es2750,2196,ok,100960,218436,2
es2751,2197,ok,100368,116714,2
es2752,2198,ok,100580,242305,3
es2753,2199,ok,100960,304941,3
es2754,2200,ok,100990,166778,2
es2755,2201,ok,101465,308031,3
es2756,2202,ok,101736,192902,2
es2757,2203,ok,101545,184727,3
es2758,2204,ok,100499,227420,3
es2759,2205,ok,100380,311749,3
es2760,2206,ok,100509,308583,3
es2761,2207,ok,101741,281855,3
es2762,2208,ok,101984,200482,2
es2763,2209,ok,100951,220654,2
es2764,2210,ok,101165,299291,3
es2765,2211,ok,101202,210087,3
es2766,2212,ok,101354,203177,3
es2767,2213,ok,100662,234464,3
es2768,2214,ok,101186,251914,3
es2769,2215,ok,101197,306205,3
es2770,2216,ok,100255,293185,3
es2771,2217,ok,101980,177831,3
es2772,2218,ok,100006,100021,2
es2773,2219,ok,104999,105000,3
es2776,2220,ok,100641,191865,2
es2777,2221,ok,104920,105061,3
es2778,2222,ok,100182,117592,2
es2779,2223,ok,100338,114996,2
es2784,2224,ok,104999,105000,3
es2785,2225,ok,100051,282624,3
es2786,2226,ok,104327,119312,3
es2787,2227,ok,100352,206776,3
es2788,2228,ok,104478,108221,3
es2789,2229,ok,102245,208833,3
es2790,2230,ok,104901,105322,3
es2791,2231,ok,104999,105000,3
es2792,2232,ok,104995,105000,3
es2793,2233,ok,100000,100000,2
es2794,2234,ok,104783,106854,3
es2795,2235,ok,104980,105000,3
es2796,2236,ok,104989,105000,3
es2797,2237,ok,100000,100000,2
es9306,2238,ok,104893,105442,3
es9307,2239,ok,100116,227791,2
es9308,2240,ok,102909,156516,3
es2798,2241,ok,100000,100000,2
es9277,2242,ok,100980,278374,3
es2799,2243,ok,104953,105101,3
es9278,2244,ok,100531,235073,2
es2800,2245,ok,100449,312315,3
es2801,2246,ok,101541,269691,3
es2802,2247,ok,101836,245501,3
es2803,2248,ok,101591,326663,4
es2804,2249,ok,100021,285642,3
es2805,2250,ok,100003,295190,3
es2806,2251,ok,103651,140172,3
es2807,2252,ok,101014,402141,3
es2808,2253,ok,100111,103585,2
es2809,2254,ok,100337,139044,2
es2810,2255,ok,100053,630577,3
es2811,2256,ok,100126,130651,2
es2812,2257,ok,100011,459926,3
es2813,2258,ok,100437,119532,2
es2814,2259,ok,100070,117981,2
es2815,2260,ok,100127,368902,3
es2816,2261,ok,102673,167761,3
es2817,2262,ok,103214,157626,3
es2818,2263,ok,101485,322259,3
es2819,2264,ok,100317,106770,2
es2820,2265,ok,100048,112638,2
es2821,2266,ok,100778,270534,3
es2822,2267,ok,101566,331875,4
es2823,2268,ok,100902,223341,3
es2824,2269,ok,100000,100000,2
es2825,2270,ok,103529,138655,3
es2826,2271,ok,100069,100181,2
es2827,2272,ok,100000,100000,2
es2828,2273,ok,100391,150558,2
es2829,2274,ok,100059,100442,2
es2830,2275,ok,100000,100000,2
es2831,2276,ok,100979,297057,3
es2832,2277,ok,100505,647674,3
es2833,2278,ok,100000,100000,2
es2834,2279,ok,104998,105000,3
es2835,2280,ok,104820,106318,3
es2836,2281,ok,100839,168805,2
es2837,2282,ok,104260,121415,3
es2838,2283,ok,100271,117565,2
es2839,2284,ok,100239,195237,2
es2840,2285,ok,101080,219777,3
es2841,2286,ok,100020,100362,2
es2842,2287,ok,101911,240961,3
es2843,2288,ok,103072,153766,3
es2844,2289,ok,102745,172337,3
es2845,2290,ok,101288,180441,2
es2846,2291,ok,100012,100301,2
es2847,2292,ok,100012,256946,3
es2848,2293,ok,100223,112209,2
es2849,2294,ok,104998,105000,3
es2850,2295,ok,100684,233938,3
es2851,2296,ok,100130,107228,2
es2852,2297,ok,100199,104015,2
es2853,2298,ok,100011,100041,2
es2854,2299,ok,103579,135754,3
es2855,2300,ok,104879,107020,3
es2856,2301,ok,104999,105000,3
es2857,2302,ok,100502,127747,2
es2858,2303,ok,104785,106689,3
es2859,2304,ok,100023,100543,2
es2860,2305,ok,104918,105201,3
es2861,2306,ok,101258,160052,2
es2862,2307,ok,100197,106792,2
es2863,2308,ok,104718,106072,3
es2864,2309,ok,101637,298366,4
es2865,2310,ok,101156,188041,2
es2866,2311,ok,104166,121987,3
es2867,2312,ok,104999,105000,3
es2868,2313,ok,100504,298084,3
es2869,2314,ok,100289,108578,2
es2870,2315,ok,100057,105065,2
es2871,2316,ok,104868,105868,3
es2872,2317,ok,100186,132556,2
es2873,2318,ok,101950,199326,3
es2874,2319,ok,100560,285742,3
es2875,2320,ok,104986,105000,3
es2876,2321,ok,100441,123184,2
es2877,2322,ok,104798,106092,3
es2878,2323,ok,100438,114078,2
es2879,2324,ok,104270,117411,3
es2880,2325,ok,100217,218532,2
es2881,2326,ok,100487,174521,2
es2882,2327,ok,100463,116145,2
es2883,2328,ok,102990,170126,3
es2884,2329,ok,100458,308583,3
es2885,2330,ok,100046,329130,3
es2886,2331,ok,100041,100241,2
es2887,2332,ok,100790,207642,2
es2888,2333,ok,101885,182810,3
es2889,2334,ok,100397,126104,2
es2890,2335,ok,101016,225836,2
es2891,2336,ok,104432,116359,3
es2892,2337,ok,102836,171612,3
es2893,2338,ok,102772,182243,3
es2894,2339,ok,100005,100041,2
es2895,2340,ok,101131,227718,3
es2896,2341,ok,100388,129333,2
es2897,2342,ok,100037,106338,2
es2898,2343,ok,104869,106011,3
es2899,2344,ok,100255,117731,2
es2900,2345,ok,100018,119446,2
es2901,2346,ok,104999,105000,3
es2902,2347,ok,103784,130282,3
es2903,2348,ok,100231,109794,2
es2904,2349,ok,104881,105888,3
es2905,2350,ok,101428,208421,2
es2906,2351,ok,100770,175071,2
es2907,2352,ok,100092,102062,2
es2908,2353,ok,104416,112922,3
es2909,2354,ok,102067,245241,4
es2910,2355,ok,101543,188689,3
es2911,2356,ok,100927,305121,3
es2912,2357,ok,100001,101256,2
es2913,2358,ok,100216,196079,2
es2914,2359,ok,101772,209835,3
es2915,2360,ok,100743,145349,2
es2916,2361,ok,104970,105402,3
es2917,2362,ok,100954,233427,2
es2918,2363,ok,102121,185376,3
es2919,2364,ok,100609,129904,2
es2920,2365,ok,104998,105000,3
es2921,2366,ok,100545,136501,2
es2922,2367,ok,101479,148854,2
es2923,2368,ok,103716,136338,3
es2924,2369,ok,100002,104625,2
es2925,2370,ok,101784,277480,3
es2926,2371,ok,100763,180376,2
es2927,2372,ok,100052,105153,2
es2928,2373,ok,101023,147973,2
es2929,2374,ok,100486,176057,2
es2930,2375,ok,100878,309693,3
es2931,2376,ok,100741,137666,2
es2932,2377,ok,100045,132311,2
es2933,2378,ok,100108,306749,2
es2934,2379,ok,101594,299465,3
es2935,2380,ok,100381,120744,2
es2936,2381,ok,100402,286374,3
es2937,2382,ok,100741,306569,3
es2938,2383,ok,102486,167761,3
es2939,2384,ok,100004,102902,2
es2940,2385,ok,101676,261148,3
es2941,2386,ok,102856,164236,3
es2942,2387,ok,100395,142939,2
es2943,2388,ok,100069,128999,2
es2944,2389,ok,104266,117058,3
es2945,2390,ok,104839,107460,3
es2946,2391,ok,100005,100081,2
es2947,2392,ok,100047,127649,2
es2948,2393,ok,104684,108435,3
es2949,2394,ok,104875,106297,3
es2950,2395,ok,101908,263509,4
es2951,2396,ok,100130,132626,2
es2952,2397,ok,104933,105970,3
es2953,2398,ok,100035,304581,3
es2954,2399,ok,100390,133941,2
es2955,2400,ok,104097,124675,3
es2956,2401,ok,102505,164034,3
es2957,2402,ok,104807,106979,3
es2958,2403,ok,101942,234043,3
es2959,2404,ok,100137,155280,2
es2960,2405,ok,100372,138390,2
es2961,2406,ok,100135,126136,2
es2962,2407,ok,104121,125193,3
es2963,2408,ok,100456,297227,3
es2964,2409,ok,100248,300509,3
es2965,2410,ok,104890,105342,3
es2966,2411,ok,101166,151332,2
es2967,2412,ok,100047,134157,2
es2968,2413,ok,100357,122640,2
es2969,2414,ok,104494,116087,3
es2970,2415,ok,100768,303152,3
es2971,2416,ok,101664,291203,4
es2972,2417,ok,100197,112133,2
es2973,2418,ok,100556,301560,3
es2974,2419,ok,101154,315174,3
es2975,2420,ok,100045,294185,3
es2976,2421,ok,100034,286253,3
es2977,2422,ok,104845,105726,3
es2978,2423,ok,100287,248665,3
es2979,2424,ok,101023,264068,3
es2980,2425,ok,104512,110109,3
es2981,2426,ok,101961,255249,4
es2982,2427,ok,101672,289880,4
es2983,2428,ok,100852,244235,3
es2984,2429,ok,101621,251792,3
es2985,2430,ok,104952,105061,3
es2986,2431,ok,100267,274833,3
es2987,2432,ok,100149,294638,2
es2988,2433,ok,104355,118482,3
es2989,2434,ok,100234,110498,2
es2990,2435,ok,100069,111583,2
es2991,2436,ok,100402,134699,2
es2992,2437,ok,101112,265689,3
es2993,2438,ok,100160,110230,2
es2994,2439,ok,100251,108202,2
es2995,2440,ok,100913,303865,3
es2996,2441,ok,101208,316333,3
es2997,2442,ok,101748,290408,4
es2998,2443,ok,104888,105705,3
es2999,2444,ok,102077,217225,3
es3000,2445,ok,100962,225071,3
es3001,2446,ok,100778,297398,3
es3002,2447,ok,101689,286206,4
es3003,2448,ok,104959,105483,3
es3004,2449,ok,101228,245270,3
es3005,2450,ok,100591,259583,3
es3006,2451,ok,100010,278523,3
es3007,2452,ok,104855,105342,3
es3008,2453,ok,101099,208999,3
es3009,2454,ok,101523,219042,3
es3010,2455,ok,104424,114794,3
es3011,2456,ok,100951,237343,3
es3012,2457,ok,100143,239193,3
es3013,2458,ok,104783,106441,3
es3014,2459,ok,104924,105645,3
es3015,2460,ok,100075,306569,3
es3016,2461,ok,100797,305301,3
es3017,2462,ok,100054,128107,2
es3018,2463,ok,102903,169312,3
es3019,2464,ok,101082,145054,2
es3020,2465,ok,101410,214732,3
es3021,2466,ok,100122,103349,2
es3022,2467,ok,104051,126271,3
es3023,2468,ok,102432,201851,3
es3024,2469,ok,101143,226142,3
es3025,2470,ok,100324,122130,2
es3026,2471,ok,100164,137363,2
es3027,2472,ok,100017,136352,2
es3028,2473,ok,102375,185702,3
es3029,2474,ok,104918,105970,3
es3030,2475,ok,100187,114996,2
es3031,2476,ok,102314,175649,3
es3032,2477,ok,101835,197753,3
es3033,2478,ok,100013,101318,2
es3034,2479,ok,100750,205401,3
es3035,2480,ok,100030,103843,2
es3036,2481,ok,100003,100041,2
es3037,2482,ok,101425,268297,3
es3038,2483,ok,100202,108015,2
es3039,2484,ok,100025,104363,2
es3040,2485,ok,104870,105483,3
es3041,2486,ok,101781,282114,4
es3042,2487,ok,100181,110351,2
es3043,2488,ok,104929,105061,3
es3044,2489,ok,101696,296136,4
es3045,2490,ok,100876,253757,3
es3046,2491,ok,104692,108115,3
es3047,2492,ok,104987,105000,3
es3048,2493,ok,101784,248428,3
es3049,2494,ok,100143,108602,2
es3050,2495,ok,104624,108649,3
es3051,2496,ok,100161,106724,2
es3052,2497,ok,104857,105787,3
es3053,2498,ok,100526,261938,3
es3054,2499,ok,101572,313026,4
es3055,2500,ok,104995,105000,3
es3056,2501,ok,103708,139844,3
es3057,2502,ok,104705,109603,3
es3058,2503,ok,100233,103994,2
es3059,2504,ok,104747,105888,3
es3060,2505,ok,101822,246897,3
es3061,2506,ok,101103,198020,2
es3062,2507,ok,100087,130243,2
es3063,2508,ok,100165,247014,3
es3064,2509,ok,101669,271241,3
es3065,2510,ok,100044,328698,3
es3066,2511,ok,100666,150603,2
es3067,2512,ok,104790,106958,3
es3068,2513,ok,100259,154084,2
es3069,2514,ok,102321,175242,3
es3070,2515,ok,101513,210261,2
es3071,2516,ok,100552,144051,2
es3072,2517,ok,101751,293108,4
es3073,2518,ok,101045,229417,3
es3074,2519,ok,100606,117592,2
es3075,2520,ok,100440,125032,2
es3076,2521,ok,100273,120337,2
es3077,2522,ok,100610,120482,2
es3078,2523,ok,104295,118948,3
es3079,2524,ok,101675,180071,3
es3080,2525,ok,100427,142776,2
es3081,2526,ok,100157,106770,2
es3082,2527,ok,102048,233311,3
es3083,2528,ok,100342,108437,2
es3084,2529,ok,100379,107136,2
es3085,2530,ok,100683,184298,2
es3086,2531,ok,101431,226632,3
es3087,2532,ok,101507,222771,3
es3088,2533,ok,104917,105665,3
es3089,2534,ok,101796,228215,3
es3090,2535,ok,101596,310039,4
es3091,2536,ok,101200,286532,3
es3092,2537,ok,100500,135172,2
es3093,2538,ok,100136,116361,2
es3094,2539,ok,100664,140174,2
es3095,2540,ok,100553,149076,2
es3096,2541,ok,103274,153149,3
es3097,2542,ok,100079,105264,2
es3098,2543,ok,102897,157859,3
es3099,2544,ok,102503,180378,3
es3100,2545,ok,104914,105281,3
es3101,2546,ok,101642,315430,4
es3102,2547,ok,100439,273818,3
es3103,2548,ok,100031,100645,2
es3104,2549,ok,100032,100161,2
es3105,2550,ok,100799,266383,2
es3106,2551,ok,104993,105000,3
es3107,2552,ok,100000,100000,2
es3108,2553,ok,104738,107818,3
es3109,2554,ok,101057,156299,2
es3110,2555,ok,101350,174035,2
es3111,2556,ok,100595,119991,2
es3112,2557,ok,103979,129255,3
es3113,2558,ok,104783,107733,3
es3114,2559,ok,104738,108735,3
es3115,2560,ok,100865,224417,2
es3116,2561,ok,100645,121242,2
es3117,2562,ok,104920,106195,3
es3118,2563,ok,104940,105523,3
es3119,2564,ok,100122,117234,2
es3120,2565,ok,104815,106854,3
es3121,2566,ok,100113,108743,2
es3122,2567,ok,100045,104167,2
es3123,2568,ok,100169,106952,2
es3124,2569,ok,104938,105301,3
es3125,2570,ok,100088,100261,2
es3126,2571,ok,100164,107044,2
es3127,2572,ok,104927,105442,3
es3128,2573,ok,104871,107271,3
es3129,2574,ok,104921,105970,3
es3130,2575,ok,100228,149210,2
es3131,2576,ok,100626,134771,2
es3132,2577,ok,101874,268327,4
es3133,2578,ok,102428,183127,3
es3134,2579,ok,100434,303767,2
es3135,2580,ok,100021,261806,3
es3136,2581,ok,100277,307298,3
es3137,2582,ok,100200,223115,2
es3138,2583,ok,100900,283552,3
es3139,2584,ok,101225,159388,2
es3140,2585,ok,101195,175132,2
es3141,2586,ok,101236,200401,2
es3142,2587,ok,101349,250580,3
es3143,2588,ok,100890,140174,2
es3144,2589,ok,101382,152254,2
es3145,2590,ok,101052,270534,3
es3146,2591,ok,101134,285742,3
es3147,2592,ok,101534,285113,3
es3148,2593,ok,100728,194629,2
es3149,2594,ok,102223,225362,3
es3150,2595,ok,101034,296546,3
es3151,2596,ok,100043,103585,2
es3152,2597,ok,100000,100000,2
es3153,2598,ok,100006,103929,2
es3154,2599,ok,100422,107021,2
es3155,2600,ok,104684,106011,3
es3156,2601,ok,104001,130094,3
es3157,2602,ok,100077,103864,2
es3158,2603,ok,104725,106379,3
es3159,2604,ok,104915,105021,3
es3160,2605,ok,104621,107125,3
es3161,2606,ok,100797,315753,3
es3162,2607,ok,100332,308215,3
es3163,2608,ok,100501,225327,2
es3164,2609,ok,101454,232067,3
es3165,2610,ok,100302,324082,3
es3166,2611,ok,100157,272095,3
es3167,2612,ok,100959,151378,2
es3168,2613,ok,104858,107313,3
es3169,2614,ok,104814,108285,3
es3170,2615,ok,100472,120222,2
es3171,2616,ok,104906,106462,3
es3172,2617,ok,104926,105746,3
es3173,2618,ok,104579,111861,3
es3174,2619,ok,100314,124720,2
es3175,2620,ok,100485,310998,3
es3176,2621,ok,101805,230429,3
es3177,2622,ok,100613,233103,3
es3178,2623,ok,101205,317500,3
es3179,2624,ok,101805,276337,4
es3180,2625,ok,101227,151838,2
es3181,2626,ok,102200,224107,3
es3182,2627,ok,100606,256005,3
es3183,2628,ok,100273,319898,2
es3184,2629,ok,100431,261806,3
es3185,2630,ok,101464,152300,2
es3186,2631,ok,103029,165617,3
es3187,2632,ok,101581,208087,3
es3188,2633,ok,101137,293518,3
es3189,2634,ok,100849,268297,3
es3190,2635,ok,101528,245270,3
es3191,2636,ok,100871,182749,2
es3192,2637,ok,100152,122730,2
es3193,2638,ok,101932,249858,3
es3194,2639,ok,103526,136753,3
es3195,2640,ok,100461,204583,2
es3196,2641,ok,100000,100000,2
es3197,2642,ok,104911,105101,3
es3198,2643,ok,104570,107924,3
es3199,2644,ok,101553,196619,2
es3200,2645,ok,100496,254004,3
es3201,2646,ok,104812,108051,3
es3202,2647,ok,104982,105000,3
es3203,2648,ok,100080,108531,2
es3204,2649,ok,100166,109746,2
es3205,2650,ok,102066,181804,3
es3206,2651,ok,100066,102987,2
es3207,2652,ok,100027,100121,2
es3208,2653,ok,100000,100000,2
es3209,2654,ok,100160,102924,2
es3210,2655,ok,100111,294018,3
es3211,2656,ok,104882,106195,3
es3212,2657,ok,100086,100301,2
es3213,2658,ok,100148,153328,2
es3214,2659,ok,104672,111090,3
es3215,2660,ok,104918,105665,3
es3216,2661,ok,100154,155039,2
es3217,2662,ok,100520,219395,2
es3218,2663,ok,100141,132838,2
es3219,2664,ok,100133,117427,2
es3220,2665,ok,100470,144509,2
es3221,2666,ok,100141,110012,2
es3222,2667,ok,100003,316772,3
es3223,2668,ok,100304,113276,2
es3224,2669,ok,101433,285427,3
es3225,2670,ok,101849,238101,3
es3226,2671,ok,101876,273564,4
es3227,2672,ok,101664,148236,2
es3228,2673,ok,104836,105949,3
es3229,2674,ok,100987,178700,2
es3230,2675,ok,100629,194251,2
es3231,2676,ok,100055,109338,2
es3232,2677,ok,104958,105021,3
es3233,2678,ok,100429,123184,2
es3234,2679,ok,103877,132033,3
es3235,2680,ok,100245,113637,2
es3236,2681,ok,100034,285899,3
es3237,2682,ok,101241,235628,3
es3238,2683,ok,100365,107689,2
es3239,2684,ok,104750,107797,3
es3240,2685,ok,101539,296886,3
es3241,2686,ok,100000,100000,2
es3242,2687,ok,100000,100000,2
es3243,2688,ok,104999,105000,3
es3244,2689,ok,104756,107250,3
es3245,2690,ok,104906,105463,3
es3246,2691,ok,104983,105000,3
es3247,2692,ok,104909,105101,3
es3248,2693,ok,100093,103670,2
es3249,2694,ok,104998,105000,3
es3250,2695,ok,100230,124317,2
es3251,2696,ok,104805,107987,3
es3252,2697,ok,104995,105000,3
es3253,2698,ok,100032,100061,2
es3254,2699,ok,100061,102818,2
es3255,2700,ok,104875,106896,3
es3256,2701,ok,100082,100141,2
es3257,2702,ok,100012,100061,2
es3258,2703,ok,102143,199326,3
es3259,2704,ok,104882,106420,3
es3260,2705,ok,100040,105821,2
es3261,2706,ok,102061,177951,3
es3262,2707,ok,100261,149612,2
es3263,2708,ok,104612,111361,3
es3264,2709,ok,100173,112512,2
es3265,2710,ok,100287,109626,2
es3266,2711,ok,103886,133469,3
es3267,2712,ok,100888,296037,3
es3268,2713,ok,100469,243436,3
es3269,2714,ok,100234,127065,2
es3270,2715,ok,100117,166834,2
es3271,2716,ok,100323,250502,2
es3272,2717,ok,100492,122250,2
es3273,2718,ok,101084,153516,2
es3274,2719,ok,100017,293904,3
es3275,2720,ok,100089,137363,2
es3276,2721,ok,101392,156888,2
es3277,2722,ok,101768,210085,2
es3278,2723,ok,100509,298256,3
es3279,2724,ok,100493,207987,2
es3280,2725,ok,101740,294340,4
es3281,2726,ok,100732,149477,2
es3282,2727,ok,101133,212901,3
es3283,2728,ok,100242,189538,2
es3284,2729,ok,101425,280028,3
es3285,2730,ok,101028,186986,2
es3286,2731,ok,100000,100000,2
es3287,2732,ok,100000,100000,2
es3288,2733,ok,100114,105330,2
es3289,2734,ok,100881,165071,2
es3290,2735,ok,100808,240961,3
es3291,2736,ok,104900,105382,3
es3292,2737,ok,104882,106958,3
es3293,2738,ok,104977,105000,3
es3294,2739,ok,104957,105000,3
es3295,2740,ok,101822,199629,3
es3296,2741,ok,100091,100181,2
es3297,2742,ok,100060,100101,2
es3298,2743,ok,100000,100000,2
es3299,2744,ok,100084,104319,2
es3300,2745,ok,104718,108435,3
es3301,2746,ok,100581,119847,2
es3302,2747,ok,100092,104581,2
es3303,2748,ok,100144,104298,2
es3304,2749,ok,100009,101338,2
es3305,2750,ok,100000,100000,2
es3306,2751,ok,100673,138160,2
es3307,2752,ok,100581,128734,2
es3308,2753,ok,101497,208335,3
es3309,2754,ok,100354,146714,2
es3310,2755,ok,102335,200084,3
es3311,2756,ok,104784,105909,3
es3312,2757,ok,100762,181094,2
es3313,2758,ok,101115,230415,2
es3314,2759,ok,100038,121625,2
es3315,2760,ok,100424,138889,2
es3316,2761,ok,100501,128568,2
es3317,2762,ok,103825,131391,3
es3318,2763,ok,100949,146671,2
es3319,2764,ok,100180,107182,2
es3320,2765,ok,100013,111260,2
es3321,2766,ok,104955,105021,3
es3322,2767,ok,104777,105281,3
es3323,2768,ok,104999,105000,3
es3324,2769,ok,104999,105000,3
es3325,2770,ok,101044,301034,3
es3326,2771,ok,101371,227999,2
es3327,2772,ok,101300,288287,3
es3328,2773,ok,100909,194629,2
es3329,2774,ok,101222,243436,3
es3330,2775,ok,100202,261542,3
es3331,2776,ok,100000,100000,2
es3332,2777,ok,100000,100000,2
es3333,2778,ok,104927,105483,3
es3334,2779,ok,100395,118092,2
es3335,2780,ok,104736,107502,3
es3336,2781,ok,104970,105021,3
es3337,2782,ok,104983,105000,3
es3338,2783,ok,100000,100000,2
es3339,2784,ok,104999,105000,3
es3340,2785,ok,100661,150106,2
es3341,2786,ok,104818,107544,3
es3342,2787,ok,104994,105000,3
es3343,2788,ok,100045,100342,2
es3344,2789,ok,100022,122640,2
es3345,2790,ok,104381,116508,3
es3346,2791,ok,100596,134445,2
es3347,2792,ok,100019,170766,2
es3348,2793,ok,100247,127682,2
es3349,2794,ok,100088,100301,2
es3350,2795,ok,100098,105530,2
es3351,2796,ok,101167,229417,3
es3352,2797,ok,101364,195622,3
es3353,2798,ok,100469,291533,3
es3354,2799,ok,101718,286691,3
es3355,2800,ok,100244,131822,2
es3356,2801,ok,100490,236697,3
es3357,2802,ok,101001,208160,2
es3358,2803,ok,100405,213493,2
es3359,2804,ok,101043,151332,2
es3360,2805,ok,104355,118174,3
es3361,2806,ok,101453,190695,2
es3362,2807,ok,100024,106090,2
es3363,2808,ok,100159,104145,2
es3364,2809,ok,104853,105827,3
es3365,2810,ok,104965,105000,3
es3366,2811,ok,100593,139121,2
es3367,2812,ok,100267,136166,2
es3368,2813,ok,100414,113123,2
es3369,2814,ok,104737,106627,3
es3370,2815,ok,101421,307664,3
es3371,2816,ok,100907,276150,3
es3372,2817,ok,100701,181753,2
es3373,2818,ok,101041,249022,3
es3374,2819,ok,101607,153658,2
es3375,2820,ok,101082,235415,3
es3376,2821,ok,104999,105000,3
es3377,2822,ok,100000,100000,2
es3378,2823,ok,100504,131165,2
es3379,2824,ok,104903,106523,3
es3380,2825,ok,100381,270675,3
es3381,2826,ok,100000,100000,2
es3382,2827,ok,100493,316527,3
es3383,2828,ok,100343,106975,2
es3384,2829,ok,104998,105000,3
es3385,2830,ok,100028,126359,2
es3386,2831,ok,100957,285899,3
es3387,2832,ok,104942,105061,3
es3388,2833,ok,100000,100000,2
es3389,2834,ok,104853,106277,3
es3390,2835,ok,104986,105000,3
es3391,2836,ok,100248,107551,2
es3392,2837,ok,100210,115607,2
es3393,2838,ok,100000,100000,2
es3394,2839,ok,100086,107666,2
es3395,2840,ok,101392,216955,3
es3396,2841,ok,101601,315803,4
es3397,2842,ok,104933,105021,3
es3411,2843,ok,100000,100000,2
es3412,2844,ok,100000,100000,2
es3413,2845,ok,100633,169837,2
es3414,2846,ok,100000,100000,2
es3415,2847,ok,101261,213943,3
es3416,2848,ok,100794,241519,3
es3417,2849,ok,100444,197006,2
es3418,2850,ok,101738,296495,4
es3419,2851,ok,100160,114182,2
es3420,2852,ok,100720,233311,3
es3421,2853,ok,100020,110914,2
es3422,2854,ok,101769,265011,3
es3423,2855,ok,100290,119076,2
es3424,2856,ok,100220,125000,2
es3425,2857,ok,100143,306937,2
es3426,2858,ok,102039,252129,4
es3427,2859,ok,100347,122190,2
es3428,2860,ok,101279,213220,2
es3429,2861,ok,100502,178254,2
es3430,2862,ok,100005,269584,3
es3431,2863,ok,100076,247152,3
es3432,2864,ok,100500,248757,2
es3433,2865,ok,100304,125408,2
es3434,2866,ok,104905,106544,3
es3435,2867,ok,100037,101627,2
es3436,2868,ok,100984,300160,3
es3437,2869,ok,100302,169034,2
es3438,2870,ok,100402,135723,2
es3439,2871,ok,101158,196718,3
es3440,2872,ok,100007,101195,2
es3441,2873,ok,100007,100021,2
es3442,2874,ok,101901,260283,4
es3443,2875,ok,101828,275112,4
es3444,2876,ok,104728,109428,3
es3445,2877,ok,101386,162655,2
es3446,2878,ok,100392,118850,2
es3447,2879,ok,100014,102313,2
es3448,2880,ok,100125,108673,2
es3449,2881,ok,100241,263934,3
es3450,2882,ok,101054,162180,2
es3451,2883,ok,100696,191865,2
es3452,2884,ok,100122,265282,3
es3453,2885,ok,100835,287168,3
es3454,2886,ok,104862,105665,3
es3455,2887,ok,100034,124627,2
es3456,2888,ok,100668,242014,2
es3457,2889,ok,100036,101627,2
es3458,2890,ok,100149,292227,2
es3459,2891,ok,102245,176881,3
es3460,2892,ok,100221,247014,3
es3461,2893,ok,100239,130413,2
es3462,2894,ok,104891,107020,3
es3463,2895,ok,100009,254565,3
es3464,2896,ok,101229,210593,3
es3465,2897,ok,100561,267468,3
es3466,2898,ok,100489,136987,2
es3467,2899,ok,100684,146671,2
es3468,2900,ok,100046,100422,2
es3469,2901,ok,100115,106770,2
es3470,2902,ok,104356,113602,3
es3471,2903,ok,100028,266537,3
es3473,2904,ok,101186,287192,2
es3474,2905,ok,101127,264337,3
es3475,2906,ok,100390,114496,2
es3476,2907,ok,100899,296716,3
es3477,2908,ok,100012,100021,2
es3478,2909,ok,101275,404873,4
es3479,2910,ok,101506,194856,2
es3480,2911,ok,100948,210793,2
es3481,2912,ok,101548,264068,3
es3482,2913,ok,102410,196498,3
es3483,2914,ok,101194,159592,2
es3484,2915,ok,101629,187682,3
es3485,2916,ok,103654,139301,3
es3486,2917,ok,100717,626567,2
es3503,2918,ok,104999,105000,3
es3504,2919,ok,100512,121952,2
es3505,2920,ok,102291,193751,3
es3506,2921,ok,101863,267882,3
es3507,2922,ok,102049,218220,3
es3508,2923,ok,104910,106195,3
es3509,2924,ok,100778,204416,2
es3510,2925,ok,104770,105949,3
es3511,2926,ok,100067,108886,2
es3512,2927,ok,104830,107062,3
es3513,2928,ok,104772,106031,3
es3514,2929,ok,104991,105000,3
es3515,2930,ok,101223,270958,3
es3516,2931,ok,104983,105021,3
es3517,2932,ok,100607,261918,2
es3518,2933,ok,100012,112969,2
es3519,2934,ok,102005,170017,3
es3520,2935,ok,102128,157859,3
es3521,2936,ok,100042,111932,2
es3522,2937,ok,101466,302442,3
es3523,2938,ok,100000,100000,2
es3524,2939,ok,100015,100061,2
es3527,2940,ok,104999,105000,3
es3528,2941,ok,104984,105021,3
es3529,2942,ok,104987,105000,3
es3530,2943,ok,104991,105000,3
es3531,2944,ok,104994,105000,3
es3532,2945,ok,104856,106215,3
es3533,2946,ok,103883,118792,3
es3534,2947,ok,104259,112136,3
es3535,2948,ok,100025,103413,2
es3536,2949,ok,104796,106896,3
es3537,2950,ok,104828,107397,3
es3538,2951,ok,104823,107229,3
es3539,2952,ok,100019,100281,2
es3540,2953,ok,104591,111792,3
es3541,2954,ok,104728,109059,3
es3542,2955,ok,103898,124933,3
es3543,2956,ok,100195,127747,2
es3544,2957,ok,100325,118009,2
es3545,2958,ok,100297,140965,2
es3546,2959,ok,100733,131649,2
es3547,2960,ok,100462,199283,2
es3548,2961,ok,104965,105021,3
es3549,2962,ok,104944,105021,3
es3550,2963,ok,101572,173491,2
es3551,2964,ok,100462,199283,2
es3552,2965,ok,100013,100564,2
es3553,2966,ok,104874,105645,3
es3554,2967,ok,100515,299465,3
es3555,2968,ok,100965,313833,3
es3556,2969,ok,101107,314598,3
es3557,2970,ok,100023,101113,2
es3558,2971,ok,104958,105483,3
es3559,2972,ok,100023,101441,2
es3560,2973,ok,100081,100787,2
es3561,2974,ok,100737,299638,3
es3562,2975,ok,104998,105000,3
es3563,2976,ok,104992,105000,3
es3564,2977,ok,104994,105000,3
es3565,2978,ok,100000,100000,2
es3566,2979,ok,100258,119732,2
es3567,2980,ok,100860,305437,2
es3568,2981,ok,101181,288769,3
es3569,2982,ok,100000,100000,2
es3570,2983,ok,100000,100000,2
es3571,2984,ok,100599,292569,2
es3572,2985,ok,101423,250701,3
es3573,2986,ok,100007,100021,2
es3574,2987,ok,100012,100041,2
es3575,2988,ok,101549,327609,4
es3576,2989,ok,101682,309657,4
es3577,2990,ok,101530,314308,4
es3578,2991,ok,100012,258181,3
es3579,2992,ok,100272,120337,2
es3580,2993,ok,100205,137817,2
es3581,2994,ok,100284,332226,3
es3582,2995,ok,100764,250701,3
es3583,2996,ok,100741,276740,3
es3584,2997,ok,100272,311373,3
es3585,2998,ok,100216,109028,2
es3586,2999,ok,104258,121850,3
es3587,3000,ok,100547,299465,3
es3588,3001,ok,102050,247261,4
es3589,3002,ok,100636,268297,3
es3590,3003,ok,100040,329512,3
es3591,3004,ok,100170,109794,2
es3592,3005,ok,100178,115075,2
es3593,3006,ok,100702,307481,3
es3594,3007,ok,100041,117289,2
es3595,3008,ok,103636,132162,3
es3596,3009,ok,100978,225265,3
es3597,3010,ok,100195,118316,2
es3598,3011,ok,100500,136837,2
es3599,3012,ok,100284,248784,3
es3600,3013,ok,100544,114026,2
es3601,3014,ok,100250,126327,2
es3602,3015,ok,101086,212040,3
es3603,3016,ok,100178,196619,2
es3604,3017,ok,100558,255879,3
es3605,3018,ok,100705,150739,2
es3606,3019,ok,104610,107250,3
es3607,3020,ok,100100,131892,2
es3608,3021,ok,100158,117427,2
es3609,3022,ok,100021,110865,2
es3610,3023,ok,100218,130073,2
es3611,3024,ok,101178,271383,3
es3612,3025,ok,104978,105000,3
es3613,3026,ok,104799,107355,3
es3614,3027,ok,102481,179217,3
es3615,3028,ok,102351,165876,3
es3616,3029,ok,101414,213682,3
es3617,3030,ok,101853,180193,3
es3618,3031,ok,104749,105909,3
es3619,3032,ok,100221,119933,2
es3620,3033,ok,100086,111807,2
es3621,3034,ok,100172,117620,2
es3622,3035,ok,101031,213858,2
es3623,3036,ok,100101,107067,2
es3624,3037,ok,100192,110988,2
es3625,3038,ok,101930,201370,2
es3626,3039,ok,100125,119561,2
es3627,3040,ok,104418,114578,3
es3628,3041,ok,100715,177873,2
es3629,3042,ok,100320,135136,2
es3630,3043,ok,104789,108606,3
es3631,3044,ok,100507,274542,3
es3632,3045,ok,101528,206101,2
es3633,3046,ok,101366,197395,2
es3634,3047,ok,100335,269979,2
es3635,3048,ok,100506,153328,2
es3636,3049,ok,100295,106542,2
es3637,3050,ok,101551,301913,3
es3638,3051,ok,100473,235961,2
es3639,3052,ok,101115,220168,2
es3640,3053,ok,101309,251131,2
es3641,3054,ok,101498,201156,3
es3642,3055,ok,100220,115341,2
es3643,3056,ok,100928,311937,3
es3644,3057,ok,100655,352706,3
es3645,3058,ok,100049,328976,3
es3646,3059,ok,100067,378097,3
es3647,3060,ok,101955,255697,4
es3648,3061,ok,100154,310753,2
es3649,3062,ok,100393,374252,2
es3650,3063,ok,103908,130660,3
es3651,3064,ok,100068,157036,2
es3652,3065,ok,101219,409810,4
es3653,3066,ok,101068,284174,3
es3654,3067,ok,100044,274143,3
es3655,3068,ok,100472,344444,3
es3656,3069,ok,100488,216060,3
es3657,3070,ok,100440,134590,2
es3658,3071,ok,100167,307693,2
es3659,3072,ok,102751,174780,3
es3660,3073,ok,101357,234991,3
es3661,3074,ok,100083,298611,3
es3662,3075,ok,102056,248586,4
es3663,3076,ok,100793,152115,2
es3664,3077,ok,100010,335196,3
es3665,3078,ok,100474,150241,2
es3666,3079,ok,101407,201928,3
es3667,3080,ok,100256,266097,3
es3668,3081,ok,102870,171279,3
es3669,3082,ok,100039,115128,2
es3670,3083,ok,100649,235947,3
es3671,3084,ok,101232,235203,3
es3672,3085,ok,100399,304402,3
es3673,3086,ok,100288,302089,3
es3674,3087,ok,103878,130597,3
es3675,3088,ok,100357,149076,2
es3676,3089,ok,100014,347613,3
es3677,3090,ok,104667,108435,3
es3678,3091,ok,100260,109891,2
es3679,3092,ok,101520,331960,4
es3680,3093,ok,100753,152254,2
es3681,3094,ok,102168,205401,3
es3682,3095,ok,100089,361242,3
es3683,3096,ok,101429,212728,3
es3684,3097,ok,100603,237080,2
es3685,3098,ok,101040,301034,3
es3686,3099,ok,100713,284799,3
es3687,3100,ok,100780,298330,2
es3688,3101,ok,100449,247837,3
es3689,3102,ok,101982,249740,4
es3690,3103,ok,100912,161708,2
es3691,3104,ok,101908,239522,3
es3692,3105,ok,101075,311749,3
es3693,3106,ok,100111,240073,3
es3694,3107,ok,102650,177414,3
es3695,3108,ok,100074,145561,2
es3696,3109,ok,101654,302155,4
es3697,3110,ok,100479,298256,3
es3698,3111,ok,101062,191059,2
es3699,3112,ok,101128,264471,3
es3700,3113,ok,100017,301130,3
es3701,3114,ok,101442,212556,3
es3702,3115,ok,102663,171113,3
es3703,3116,ok,100139,136129,2
es3704,3117,ok,101298,164042,2
es3705,3118,ok,100225,239809,2
es3706,3119,ok,100110,311185,3
es3707,3120,ok,101073,250701,3
es3708,3121,ok,101516,314121,4
es3709,3122,ok,101616,287327,3
es3710,3123,ok,100264,241430,2
es3711,3124,ok,101169,244579,3
es3712,3125,ok,101382,294688,3
es3713,3126,ok,100569,313642,3
es3714,3127,ok,102524,174895,3
es3715,3128,ok,102446,204124,3
es3716,3129,ok,100594,281374,2
es3717,3130,ok,100011,242837,2
es3718,3131,ok,101430,223414,2
es3719,3132,ok,100205,160308,2
es3720,3133,ok,100073,116010,2
es3721,3134,ok,100251,124658,2
es3722,3135,ok,101263,284330,3
es3723,3136,ok,100647,296037,3
es3724,3137,ok,101599,311748,4
es3725,3138,ok,100164,248903,3
es3726,3139,ok,102948,160039,3
es3727,3140,ok,102798,178371,3
es3728,3141,ok,100222,219203,2
es3729,3142,ok,102565,182305,3
es3730,3143,ok,102057,195767,3
es3731,3144,ok,100522,218858,3
es3732,3145,ok,100088,124317,2
es3733,3146,ok,100539,140214,2
es3734,3147,ok,100316,270252,3
es3735,3148,ok,100361,153422,2
es3736,3149,ok,102524,178431,3
es3737,3150,ok,101734,288571,4
es3738,3151,ok,100514,177305,2
es3739,3152,ok,101303,308583,3
es3740,3153,ok,100043,125660,2
es3741,3154,ok,102024,248892,4
es3742,3155,ok,100395,204583,2
es3743,3156,ok,100709,221077,3
es3744,3157,ok,101499,332330,4
es3745,3158,ok,101553,205482,3
es3746,3159,ok,101952,261054,4
es3747,3160,ok,101419,248428,3
es3748,3161,ok,101662,286118,4
es3749,3162,ok,102169,196425,3
es3750,3163,ok,100979,298773,3
es3751,3164,ok,101943,192759,3
es3752,3165,ok,100576,273973,2
es3753,3166,ok,100704,225327,2
es3754,3167,ok,100970,251670,3
es3755,3168,ok,100273,142654,2
es3756,3169,ok,100156,325719,3
es3757,3170,ok,100265,282162,3
es3758,3171,ok,100509,251063,3
es3759,3172,ok,100446,260624,3
es3760,3173,ok,100881,294856,3
es3761,3174,ok,103477,147654,3
es3762,3175,ok,100031,289520,2
es3763,3176,ok,100087,248784,3
es3764,3177,ok,102083,227223,3
es3765,3178,ok,101490,318902,4
es3766,3179,ok,100418,236589,3
es3767,3180,ok,101053,295529,3
es3768,3181,ok,102004,196498,3
es3769,3182,ok,100072,263532,3
es3770,3183,ok,100112,268962,2
es3771,3184,ok,101272,153989,2
es3772,3185,ok,100609,260363,3
es3773,3186,ok,100710,138275,2
es3774,3187,ok,100015,111983,2
es3775,3188,ok,100314,123763,2
es3776,3189,ok,100258,304402,3
es3777,3190,ok,100530,193874,2
es3778,3191,ok,100006,286981,3
es3779,3192,ok,100211,169665,2
es3780,3193,ok,103195,142628,3
es3781,3194,ok,100363,160103,2
es3782,3195,ok,101843,205562,3
es3783,3196,ok,102543,172505,3
es3784,3197,ok,102143,200008,3
es3785,3198,ok,100400,305121,3
es3786,3199,ok,101599,203492,3
es3787,3200,ok,100538,270112,3
es3788,3201,ok,102010,213334,3
es3789,3202,ok,100458,153752,2
es3790,3203,ok,100269,184707,2
es3791,3204,ok,101725,163346,2
es3792,3205,ok,101576,314778,4
es3793,3206,ok,101530,314308,4
es3794,3207,ok,100443,139083,2
es3795,3208,ok,100072,308767,3
es3796,3209,ok,101514,298600,3
es3797,3210,ok,101202,301034,3
es3798,3211,ok,100121,128337,2
es3799,3212,ok,103911,132910,3
es3800,3213,ok,100042,313833,3
es3801,3214,ok,103852,133107,3
es3802,3215,ok,100154,118935,2
es3803,3216,ok,101091,173491,2
es3804,3217,ok,100036,296009,3
es3805,3218,ok,100073,295578,3
es3806,3219,ok,103319,153105,3
es3807,3220,ok,100942,297912,3
es3808,3221,ok,100637,273823,2
es3809,3222,ok,101213,301209,3
es3810,3223,ok,100723,150016,2
es3811,3224,ok,100381,137288,2
es3812,3225,ok,100040,127812,2
es3813,3226,ok,100273,315560,3
es3814,3227,ok,101489,311561,3
es3815,3228,ok,100001,127910,2
es3816,3229,ok,101161,318088,3
es3817,3230,ok,101148,310251,3
es3818,3231,ok,101257,315174,3
es3819,3232,ok,100648,326337,3
es3820,3233,ok,100204,313833,3
es3821,3234,ok,100821,235841,3
es3822,3235,ok,104774,106523,3
es3823,3236,ok,100249,115421,2
es3824,3237,ok,100479,160360,2
es3825,3238,ok,100348,150467,2
es3826,3239,ok,100645,150739,2
es3827,3240,ok,100086,233318,2
es3828,3241,ok,104984,105000,3
es3829,3242,ok,104843,105503,3
es3830,3243,ok,101515,318368,4
es3831,3244,ok,100014,319834,3
es3832,3245,ok,100009,313096,3
es3833,3246,ok,100139,238101,3
es3834,3247,ok,104737,107397,3
es3835,3248,ok,100190,118316,2
es3836,3249,ok,102094,245961,4
es3837,3250,ok,100113,103778,2
es3838,3251,ok,104044,126242,3
es3839,3252,ok,100253,234780,3
es3840,3253,ok,104860,106751,3
es3841,3254,ok,100457,115875,2
es3842,3255,ok,100527,235097,3
es3843,3256,ok,104774,106523,3
es3844,3257,ok,100399,115394,2
es3845,3258,ok,100329,321256,3
es3846,3259,ok,100024,128535,2
es3847,3260,ok,100022,321150,3
es3848,3261,ok,101484,308399,3
es3849,3262,ok,100227,315753,3
es3850,3263,ok,100236,118400,2
es3851,3264,ok,100303,307115,3
es3852,3265,ok,100088,118064,2
es3853,3266,ok,100246,308583,3
es3854,3267,ok,100513,317892,3
es3855,3268,ok,101607,315890,4
es3856,3269,ok,100237,109794,2
es3857,3270,ok,100002,315560,3
es3858,3271,ok,103881,133074,3
es3859,3272,ok,101510,319215,4
es3860,3273,ok,100517,320856,3
es3861,3274,ok,100732,343295,3
es3862,3275,ok,104186,123653,3
es3863,3276,ok,101337,313833,3
es3864,3277,ok,101530,331531,4
es3865,3278,ok,100023,118260,2
es3866,3279,ok,100040,118400,2
es3867,3280,ok,103817,134300,3
es3868,3281,ok,100606,306933,3
es3869,3282,ok,100006,312500,2
es3870,3283,ok,101533,337128,4
es3871,3284,ok,104158,123232,3
es3872,3285,ok,100154,304322,2
es3873,3286,ok,102076,204204,3
es3874,3287,ok,100336,215425,2
es3875,3288,ok,101657,208253,3
es3876,3289,ok,100459,314790,3
es3877,3290,ok,100533,186707,2
es3878,3291,ok,100864,223628,3
es3879,3292,ok,100424,124969,2
es3880,3293,ok,100717,325308,3
es3881,3294,ok,101603,321879,4
es3882,3295,ok,100905,203005,2
es3883,3296,ok,100141,117097,2
es3884,3297,ok,100211,231040,3
es3885,3298,ok,100554,129702,2
es3886,3299,ok,100733,320856,3
es3887,3300,ok,100657,314598,3
es3888,3301,ok,100188,206441,2
es3889,3302,ok,103969,125511,3
es3890,3303,ok,100874,224203,3
es3891,3304,ok,101512,300509,3
es3892,3305,ok,102185,210171,3
es3893,3306,ok,100570,124193,2
es3894,3307,ok,102234,194108,3
es3895,3308,ok,101048,313072,3
es3896,3309,ok,101542,320896,4
es3897,3310,ok,100555,206186,2
es3898,3311,ok,104002,123794,3
es3899,3312,ok,102703,177414,3
es3900,3313,ok,103720,133502,3
es3901,3314,ok,100064,101833,2
es3902,3315,ok,101349,303508,3
es3903,3316,ok,101192,298428,3
es3904,3317,ok,100642,210438,2
es3905,3318,ok,100756,312126,3
es3906,3319,ok,101375,340868,4
es3907,3320,ok,100343,193574,2
es3908,3321,ok,103254,153721,3
es3909,3322,ok,100549,231450,3
es3910,3323,ok,103670,139337,3
es3911,3324,ok,100986,186359,2
es3912,3325,ok,104912,106462,3
es3913,3326,ok,101714,206776,3
es3914,3327,ok,100000,100000,2
es3915,3328,ok,100000,100000,2
es3916,3329,ok,100000,100000,2
es3917,3330,ok,100000,100000,2
es3918,3331,ok,100000,100000,2
es3919,3332,ok,100952,199841,2
es3920,3333,ok,101214,264411,2
es3921,3334,ok,102497,188218,3
es3922,3335,ok,101420,251427,3
es3923,3336,ok,100530,273823,2
es3924,3337,ok,102153,187883,3
es3925,3338,ok,100818,288287,3
es3926,3339,ok,102082,233833,3
es3927,3340,ok,104722,105746,3
es3928,3341,ok,100190,112664,2
es3929,3342,ok,100488,150241,2
es3930,3343,ok,100000,100000,2
es3931,3344,ok,100000,100000,2
es3932,3345,ok,104999,105000,3
es3933,3346,ok,100052,128800,2
es3934,3347,ok,100147,141764,2
es3935,3348,ok,101808,278980,4
es3936,3349,ok,100077,148987,2
es3937,3350,ok,100231,155909,2
es3938,3351,ok,104317,115157,3
es3939,3352,ok,103319,127550,3
es3940,3353,ok,104503,110530,3
es3941,3354,ok,104353,112366,3
es3942,3355,ok,100107,112234,2
es3943,3356,ok,101136,269271,3
es3945,3357,ok,100812,170941,2
es3949,3358,ok,101136,269271,3
es3950,3359,ok,102970,136753,3
es3951,3360,ok,100221,106770,2
es3952,3361,ok,100426,146285,2
es3953,3362,ok,101322,234780,3
es3954,3363,ok,104627,109015,3
es3955,3364,ok,104806,106979,3
es3957,3365,ok,104999,105000,3
es3958,3366,ok,100697,234674,3
es3959,3367,ok,103413,141240,3
es3960,3368,ok,103048,146724,3
es3961,3369,ok,100410,198808,2
es3962,3370,ok,101592,318103,4
es3963,3371,ok,100021,124224,2
es3964,3372,ok,104986,105000,3
es3965,3373,ok,100051,102062,2
es3966,3374,ok,100111,113922,2
es3967,3375,ok,104943,105141,3
es3968,3376,ok,103589,132780,3
es3969,3377,ok,100436,155232,2
es3970,3378,ok,104908,105543,3
es3971,3379,ok,104997,105000,3
es3972,3380,ok,104990,105000,3
es3973,3381,ok,104695,107313,3
es3974,3382,ok,103902,130377,3
es3975,3383,ok,104942,105061,3
es3976,3384,ok,104991,105000,3
es3977,3385,ok,101187,308399,3
es3978,3386,ok,100149,105486,2
es3979,3387,ok,100000,100000,2
es3980,3388,ok,100000,100000,2
es3981,3389,ok,100000,100000,2
es3982,3390,ok,100228,107090,2
es3983,3391,ok,101465,239963,3
es3984,3392,ok,101436,156007,2
es3985,3393,ok,100437,164258,2
es3986,3394,ok,100721,152440,2
es3988,3395,ok,104996,105000,3
es3989,3396,ok,100000,100000,2
es3991,3397,ok,100000,100000,2
es3992,3398,ok,104987,105000,3
es3994,3399,ok,100000,100000,2
es3996,3400,ok,100000,100000,2
es4000,3401,ok,100000,100000,2
es4001,3402,ok,100236,104232,2
es4003,3403,ok,100000,100000,2
es4004,3404,ok,100985,282933,3
es4006,3405,ok,100000,100000,2
es4008,3406,ok,100269,263666,3
es4023,3407,ok,100000,100000,2
es4024,3408,ok,104711,109494,3
es4025,3409,ok,100000,100000,2
es4026,3410,ok,100011,165728,2
es4027,3411,ok,100000,100000,2
es4028,3412,ok,104390,118585,3
es4029,3413,ok,100023,100041,2
es4030,3414,ok,102355,199477,3
es4031,3415,ok,100000,100000,2
es4032,3416,ok,100000,100000,2
es4033,3417,ok,100020,100746,2
es4034,3418,ok,104144,124218,3
es4035,3419,ok,104883,105990,3
es4036,3420,ok,104999,105000,3
es4037,3421,ok,100021,100081,2
es4038,3422,ok,104145,120983,3
es4039,3423,ok,103124,156195,3
es4040,3424,ok,100000,100000,2
es4041,3425,ok,100101,143637,2
es4042,3426,ok,100000,100000,2
es4043,3427,ok,104817,106606,3
es4044,3428,ok,100000,100000,2
es4045,3429,ok,100000,100000,2
es4046,3430,ok,101834,181617,3
es4047,3431,ok,100000,100000,2
es4048,3432,ok,100000,100000,2
es4049,3433,ok,100000,100000,2
es4050,3434,ok,100000,100000,2
es4051,3435,ok,100000,100000,2
es4052,3436,ok,100000,100000,2
es4053,3437,ok,104951,105021,3
es4054,3438,ok,100000,100000,2
es4055,3439,ok,100018,102544,2
es4056,3440,ok,101165,202473,3
es4057,3441,ok,100000,100000,2
es4058,3442,ok,100000,100000,2
es4059,3443,ok,100530,123184,2
es4060,3444,ok,102915,143967,3
es4061,3445,ok,100000,100000,2
es4062,3446,ok,100000,100000,2
es4063,3447,ok,100000,100000,2
es4064,3448,ok,100073,100161,2
es4065,3449,ok,100000,100000,2
es4066,3450,ok,100000,100000,2
es4067,3451,ok,100122,151654,2
es4078,3452,ok,100000,100000,2
es4079,3453,ok,100000,100000,2
es4080,3454,ok,104996,105000,3
es4081,3455,ok,100000,100000,2
es4082,3456,ok,100000,100000,2
es4083,3457,ok,100002,100624,2
es4084,3458,ok,102409,182180,3
es9214,3459,ok,103904,134133,3
es4085,3460,ok,100000,100000,2
es4086,3461,ok,100062,103756,2
es4087,3462,ok,100040,100061,2
es4088,3463,ok,100072,104516,2
es4089,3464,ok,100084,100281,2
es4090,3465,ok,100026,100141,2
es4091,3466,ok,100033,100061,2
es4092,3467,ok,100036,100201,2
es4093,3468,ok,100399,258037,3
es4094,3469,ok,100226,273673,3
es4095,3470,ok,100031,105553,2
es4096,3471,ok,100116,173551,2
es4097,3472,ok,100024,100061,2
es4098,3473,ok,100000,100000,2
es4099,3474,ok,104992,105000,3
es4112,3475,ok,104067,120234,3
es4113,3476,ok,101173,300684,3
es4114,3477,ok,100014,555509,3
es4115,3478,ok,100509,308031,3
es4116,3479,ok,100039,383206,3
es4117,3480,ok,100657,576429,3
es4118,3481,ok,101256,223614,2
es4119,3482,ok,100830,237343,3
es4120,3483,ok,100123,262744,2
es4121,3484,ok,100870,282470,3
es4122,3485,ok,100064,168068,2
es4123,3486,ok,100267,124101,2
es4124,3487,ok,100000,100000,2
es4125,3488,ok,104990,105041,3
es4126,3489,ok,100753,359359,3
es4127,3490,ok,101511,328067,4
es4128,3491,ok,100377,264691,2
es4129,3492,ok,100186,126487,2
es4130,3493,ok,100375,304761,3
es4131,3494,ok,100716,282168,2
es4132,3495,ok,100024,254834,3
es4133,3496,ok,100024,254834,3
es4134,3497,ok,100039,268126,3
es4135,3498,ok,100978,226040,2
es4136,3499,ok,100527,258265,2
es4137,3500,ok,100186,135099,2
es4138,3501,ok,100910,190913,2
es4139,3502,ok,101119,353676,3
es4140,3503,ok,102026,215704,2
es4141,3504,ok,100000,292205,3
es4142,3505,ok,100987,438652,3
es4143,3506,ok,100285,364454,3
es4144,3507,ok,101294,327998,3
es4145,3508,ok,102378,209499,3
es4146,3509,ok,101060,236855,2
es4147,3510,ok,100202,124255,2
es4148,3511,ok,100870,445918,3
es4149,3512,ok,101102,313072,3
es4150,3513,ok,100092,157829,2
es4151,3514,ok,100002,250595,3
es4152,3515,ok,101000,343754,3
es4153,3516,ok,100092,101585,2
es4154,3517,ok,100048,104102,2
es4155,3518,ok,101234,163560,2
es4156,3519,ok,101672,303541,4
es4157,3520,ok,101804,205593,2
es4158,3521,ok,101601,309002,4
es4159,3522,ok,100097,309507,3
es4160,3523,ok,100267,120251,2
es4161,3524,ok,100039,312020,3
es4162,3525,ok,100540,140135,2
es4163,3526,ok,100897,316721,3
es4164,3527,ok,102545,176999,3
es4165,3528,ok,101221,170824,2
es4166,3529,ok,100292,137288,2
es4167,3530,ok,101226,194251,2
es4168,3531,ok,104911,106051,3
es4169,3532,ok,104924,105141,3
es4170,3533,ok,104492,111316,3
es4171,3534,ok,101208,198020,2
es4172,3535,ok,100657,366011,3
es4173,3536,ok,100000,100000,2
es4174,3537,ok,104898,105746,3
es4175,3538,ok,101032,298600,3
es4176,3539,ok,100042,425579,3
es4177,3540,ok,101399,200389,3
es4178,3541,ok,100022,409552,3
es4179,3542,ok,100000,100000,2
es4180,3543,ok,100000,100000,2
es4181,3544,ok,100000,100000,2
es4182,3545,ok,100004,329446,3
es4183,3546,ok,101015,149121,2
es4184,3547,ok,101221,788644,2
es4185,3548,ok,100484,320259,3
es4186,3549,ok,100740,133476,2
es4187,3550,ok,100341,136463,2
es4188,3551,ok,104647,105990,3
es4189,3552,ok,100477,114078,2
es4192,3553,ok,100000,100000,2
es4193,3554,ok,104960,105081,3
es4194,3555,ok,100000,100000,2
es4195,3556,ok,100000,100000,2
es4196,3557,ok,100000,100000,2
es4197,3558,ok,100248,107782,2
es4198,3559,ok,100604,235628,3
es4199,3560,ok,100056,122519,2
es4200,3561,ok,100210,106293,2
es4201,3562,ok,100000,100000,2
es4202,3563,ok,104885,105061,3
es4203,3564,ok,100273,113276,2
es4204,3565,ok,100328,123244,2
es4205,3566,ok,100025,125032,2
es4206,3567,ok,104999,105000,3
es4207,3568,ok,104999,105000,3
es4208,3569,ok,104836,105463,3
es4209,3570,ok,100000,100000,2
es4210,3571,ok,100093,103692,2
es4211,3572,ok,104297,120022,3
es4212,3573,ok,100812,265011,3
es4213,3574,ok,100618,301736,3
es4214,3575,ok,101890,207348,3
es4215,3576,ok,100987,192160,2
es4216,3577,ok,100016,100041,2
es4217,3578,ok,104297,120022,3
es4218,3579,ok,100661,122250,2
es4219,3580,ok,101719,296318,4
es4220,3581,ok,100024,296646,3
es4221,3582,ok,102029,249978,3
es4222,3583,ok,102113,207430,3
es4223,3584,ok,100045,100081,2
es4224,3585,ok,104895,105463,3
es4225,3586,ok,104855,107565,3
es4226,3587,ok,101357,310624,3
es4227,3588,ok,100042,274582,3
es4228,3589,ok,100350,138812,2
es4229,3590,ok,101151,271525,3
es4230,3591,ok,104932,105382,3
es4231,3592,ok,100018,109746,2
es4232,3593,ok,104993,105000,3
es4233,3594,ok,102809,179399,3
es4234,3595,ok,101380,235850,2
es4235,3596,ok,100028,110036,2
es4236,3597,ok,101701,213508,3
es4237,3598,ok,100444,181951,2
es4238,3599,ok,101101,252771,3
es4239,3600,ok,100448,111757,2
es4240,3601,ok,104539,106709,3
es4242,3602,ok,100041,285563,3
es4243,3603,ok,100330,266644,3
es4244,3604,ok,100090,141644,2
es4245,3605,ok,100638,140450,2
es4246,3606,ok,104756,107754,3
es4247,3607,ok,104805,106606,3
es4248,3608,ok,101814,286955,4
es4249,3609,ok,104639,106092,3
es4250,3610,ok,100379,144426,2
es4251,3611,ok,104417,117486,3
es4253,3612,ok,101506,183444,3
es4254,3613,ok,102212,204761,3
es4255,3614,ok,100124,171468,2
es4256,3615,ok,103390,149134,3
es4257,3616,ok,101636,195404,3
es4258,3617,ok,100786,143514,2
es4259,3618,ok,102378,186819,3
es4260,3619,ok,101765,194466,3
es4261,3620,ok,101440,283397,3
es4262,3621,ok,100312,221632,2
es4264,3622,ok,102102,191359,3
es4265,3623,ok,100159,245099,2
es4266,3624,ok,100020,100422,2
es4267,3625,ok,103225,148185,3
es4268,3626,ok,101389,178672,3
es4269,3627,ok,100451,279575,3
es4270,3628,ok,100182,178317,2
es4271,3629,ok,101003,289576,3
es4272,3630,ok,100776,146757,2
es4273,3631,ok,100000,100000,2
es4274,3632,ok,102891,163932,3
es4275,3633,ok,104999,105000,3
es4276,3634,ok,100144,242305,3
es4277,3635,ok,100000,100000,2
es4278,3636,ok,100000,100000,2
es4279,3637,ok,100000,100000,2
es4280,3638,ok,104896,105161,3
es4281,3639,ok,104993,105000,3
es4282,3640,ok,100000,100000,2
es4283,3641,ok,100061,101813,2
es4284,3642,ok,100149,123062,2
es4285,3643,ok,104963,105021,3
es4286,3644,ok,101135,229821,3
es4287,3645,ok,100000,100000,2
es4288,3646,ok,100240,132944,2
es4289,3647,ok,100032,100121,2
es4290,3648,ok,104999,105000,3
es4291,3649,ok,100374,127584,2
es4292,3650,ok,104845,105970,3
es4293,3651,ok,100839,266370,3
es4294,3652,ok,100244,106293,2
es4295,3653,ok,101786,193466,3
es4296,3654,ok,100656,179469,2
es4309,3655,ok,100000,100000,2
es4310,3656,ok,100000,100000,2
es4311,3657,ok,100000,100000,2
es4312,3658,ok,100000,100000,2
es4313,3659,ok,100000,100000,2
es4314,3660,ok,104935,105463,3
es4315,3661,ok,100000,100000,2
es4316,3662,ok,104813,105362,3
es4317,3663,ok,104943,105301,3
es4318,3664,ok,100193,102628,2
es4319,3665,ok,100000,100000,2
es4320,3666,ok,101737,269132,3
es4321,3667,ok,100000,100000,2
es4322,3668,ok,104988,105000,3
es4323,3669,ok,100622,124286,2
es4324,3670,ok,100321,123824,2
es4325,3671,ok,100000,100000,2
es4326,3672,ok,100000,100000,2
es4327,3673,ok,101115,187618,2
es4328,3674,ok,100351,112537,2
es4329,3675,ok,100000,100000,2
es4330,3676,ok,100000,100000,2
es4331,3677,ok,100035,108649,2
es4332,3678,ok,104885,106154,3
es4333,3679,ok,100564,206869,2
es4334,3680,ok,100000,100000,2
es4335,3681,ok,100040,100121,2
es4336,3682,ok,100000,100000,2
es4337,3683,ok,100000,100000,2
es4338,3684,ok,100503,273097,3
es4339,3685,ok,104999,105000,3
es4340,3686,ok,100000,100000,2
es4341,3687,ok,104989,105000,3
es4342,3688,ok,100000,100000,2
es4343,3689,ok,100030,236589,3
es4344,3690,ok,100000,100000,2
es4345,3691,ok,100000,100000,2
es4346,3692,ok,102175,233520,3
es4347,3693,ok,100173,126455,2
es4348,3694,ok,104949,105061,3
es4349,3695,ok,100000,100000,2
es4350,3696,ok,100000,100000,2
es4351,3697,ok,104824,105523,3
es4352,3698,ok,100000,100000,2
es4353,3699,ok,100036,102041,2
es4354,3700,ok,100000,100000,2
es4355,3701,ok,100000,100000,2
es4356,3702,ok,104875,107020,3
es4357,3703,ok,104990,105000,3
es4358,3704,ok,104934,105807,3
es4359,3705,ok,100000,100000,2
es4360,3706,ok,100000,100000,2
es4361,3707,ok,100026,100322,2
es4362,3708,ok,104991,105000,3
es4363,3709,ok,100893,220611,3
es4364,3710,ok,100000,100000,2
es4365,3711,ok,100000,100000,2
es4366,3712,ok,102825,163278,3
es4367,3713,ok,100000,100000,2
es4368,3714,ok,101691,194898,3
es4369,3715,ok,100000,100000,2
es4370,3716,ok,100000,100000,2
es4371,3717,ok,100552,118148,2
es4372,3718,ok,100000,100000,2
es4373,3719,ok,101985,179460,3
es4374,3720,ok,100000,100000,2
es4375,3721,ok,101288,256636,3
es4376,3722,ok,100115,148943,2
es4377,3723,ok,100024,100061,2
es4378,3724,ok,104997,105000,3
es4379,3725,ok,100000,100000,2
es4380,3726,ok,100000,100000,2
es4381,3727,ok,104956,105382,3
es4382,3728,ok,100005,100021,2
es4383,3729,ok,100000,100000,2
es4384,3730,ok,100000,100000,2
es4385,3731,ok,100196,165235,2
es4386,3732,ok,100122,115234,2
es4387,3733,ok,104964,105061,3
es4388,3734,ok,104989,105101,3
es4389,3735,ok,104969,105081,3
es4390,3736,ok,100579,115447,2
es4391,3737,ok,100151,298330,2
es4392,3738,ok,101840,271764,4
es4393,3739,ok,100008,100021,2
es4394,3740,ok,104935,105041,3
es4395,3741,ok,104864,106113,3
es4396,3742,ok,104771,108821,3
es4397,3743,ok,104993,105021,3
es4398,3744,ok,100041,100201,2
es4399,3745,ok,104889,106420,3
es4400,3746,ok,104569,110109,3
es4401,3747,ok,100207,108179,2
es4402,3748,ok,100225,110327,2
es4403,3749,ok,100097,105888,2
es4404,3750,ok,100294,138466,2
es4405,3751,ok,100435,117014,2
es4406,3752,ok,100373,118512,2
es4407,3753,ok,104553,112620,3
es4408,3754,ok,100384,156446,2
es4409,3755,ok,100245,106497,2
es4410,3756,ok,104999,105000,3
es4411,3757,ok,100217,132031,2
es4412,3758,ok,104800,106379,3
es4413,3759,ok,101919,171003,3
es4414,3760,ok,100042,100141,2
es4415,3761,ok,101733,247955,3
es4416,3762,ok,103729,122014,3
es4417,3763,ok,100017,261497,3
es4418,3764,ok,100290,109266,2
es4419,3765,ok,100013,298364,3
es4420,3766,ok,102793,156746,3
es4421,3767,ok,100468,276740,3
es4422,3768,ok,100654,237530,2
es4423,3769,ok,100791,243903,2
es4424,3770,ok,100016,271810,3
es4425,3771,ok,100001,100081,2
es4426,3772,ok,100012,100081,2
es4427,3773,ok,100029,111087,2
es4428,3774,ok,100145,110157,2
es4429,3775,ok,100118,111682,2
es4430,3776,ok,104866,106215,3
es4431,3777,ok,104312,116334,3
es4432,3778,ok,101320,348213,4
es4433,3779,ok,104922,105442,3
es4434,3780,ok,100016,100041,2
es4435,3781,ok,104813,105888,3
es4436,3782,ok,100598,179663,2
es4437,3783,ok,104841,105503,3
es4438,3784,ok,100392,116280,2
es4439,3785,ok,101374,176679,2
es4440,3786,ok,104828,106647,3
es4441,3787,ok,100542,310811,3
es4442,3788,ok,101643,315641,4
es4443,3789,ok,100658,322461,3
es4444,3790,ok,100198,139978,2
es4445,3791,ok,100636,235073,2
es4446,3792,ok,101791,214556,3
es4447,3793,ok,100973,182084,2
es4448,3794,ok,101531,202184,2
es4449,3795,ok,101590,306751,3
es4450,3796,ok,101578,321851,4
es4451,3797,ok,100613,293684,3
es4452,3798,ok,100074,308952,3
es4453,3799,ok,100664,304941,3
es4454,3800,ok,100106,104015,2
es4455,3801,ok,104998,105000,3
es4456,3802,ok,100059,258595,3
es4457,3803,ok,101566,254751,3
es4458,3804,ok,100042,111608,2
es4459,3805,ok,100415,235405,2
es4460,3806,ok,100000,100000,2
es4461,3807,ok,100228,134409,2
es4462,3808,ok,104997,105000,3
es4465,3809,ok,101235,244235,3
es4466,3810,ok,101629,309643,4
es4467,3811,ok,100575,307847,3
es4468,3812,ok,100000,100000,2
es4469,3813,ok,100154,106068,2
es4470,3814,ok,100431,127421,2
es4471,3815,ok,104796,108008,3
es4472,3816,ok,101271,195840,3
es4473,3817,ok,101536,309890,4
es4474,3818,ok,100747,256383,3
es4475,3819,ok,100737,231143,3
es4476,3820,ok,100246,298773,3
es4477,3821,ok,101559,280939,3
es4478,3822,ok,100125,289856,2
es4481,3823,ok,100827,271099,3
es4482,3824,ok,100538,119818,2
es4483,3825,ok,101474,283863,3
es4484,3826,ok,100000,100000,2
es4485,3827,ok,100483,229115,3
es4486,3828,ok,100810,212556,3
es4487,3829,ok,104844,105281,3
es4488,3830,ok,100059,100181,2
es4489,3831,ok,100140,202021,2
es4490,3832,ok,100576,184230,2
es4491,3833,ok,100680,264606,3
es4492,3834,ok,101528,269551,3
es4493,3835,ok,100172,110571,2
es4494,3836,ok,100032,104603,2
es4495,3837,ok,101342,155135,2
es4496,3838,ok,100021,100121,2
es4497,3839,ok,100000,100000,2
es4498,3840,ok,100000,100000,2
es4499,3841,ok,100000,100000,2
es4500,3842,ok,100096,127812,2
es4501,3843,ok,100000,100000,2
es4502,3844,ok,100000,100000,2
es4503,3845,ok,100005,100061,2
es4504,3846,ok,104880,105101,3
es4505,3847,ok,100050,103456,2
es4506,3848,ok,100093,103520,2
es4507,3849,ok,104852,106854,3
es4508,3850,ok,104997,105000,3
es4509,3851,ok,100046,108062,2
es4510,3852,ok,100206,118681,2
es4511,3853,ok,103521,137521,3
es4512,3854,ok,100000,100000,2
es4513,3855,ok,103680,136476,3
es4514,3856,ok,104911,106359,3
es4515,3857,ok,101404,193537,3
es4516,3858,ok,100000,100000,2
es4517,3859,ok,100307,143308,2
es4518,3860,ok,100131,102860,2
es4519,3861,ok,101612,311253,4
es4520,3862,ok,101646,258808,3
es4521,3863,ok,104786,106011,3
es4522,3864,ok,100045,118344,2
es4523,3865,ok,100000,100000,2
es4524,3866,ok,100231,106338,2
es4525,3867,ok,102076,190460,3
es4526,3868,ok,102978,158752,3
es4527,3869,ok,100215,102754,2
es4528,3870,ok,100000,100000,2
es4529,3871,ok,102991,168560,3
es4530,3872,ok,100000,100000,2
es4531,3873,ok,104987,105000,3
es4532,3874,ok,104896,105241,3
es4533,3875,ok,100287,300334,3
es4534,3876,ok,102562,159608,3
es4535,3877,ok,100037,102250,2
es4536,3878,ok,100007,100081,2
es4537,3879,ok,100084,109866,2
es4538,3880,ok,104092,114963,3
es4539,3881,ok,104367,112412,3
es4540,3882,ok,100073,100888,2
es4541,3883,ok,100013,100021,2
es4542,3884,ok,104840,106379,3
es4543,3885,ok,104997,105021,3
es4544,3886,ok,100033,100301,2
es4545,3887,ok,100826,152766,2
es4546,3888,ok,100060,324497,3
es4547,3889,ok,100065,101195,2
es4548,3890,ok,104916,105322,3
es4549,3891,ok,100000,100000,2
es4550,3892,ok,104994,105000,3
es4551,3893,ok,100000,100000,2
es4552,3894,ok,104946,105000,3
es4553,3895,ok,104883,105665,3
es4554,3896,ok,104416,116309,3
es4555,3897,ok,100131,101771,2
es4556,3898,ok,104717,109472,3
es4557,3899,ok,102499,195477,3
es4558,3900,ok,100000,100000,2
es4559,3901,ok,102629,190943,3
es4560,3902,ok,100207,132066,2
es4561,3903,ok,100482,302797,3
es4562,3904,ok,100094,332365,3
es4563,3905,ok,104867,106359,3
es4564,3906,ok,100093,113405,2
es4565,3907,ok,100000,100000,2
es4566,3908,ok,104907,105422,3
es4567,3909,ok,100074,110498,2
es4568,3910,ok,100314,135209,2
es4569,3911,ok,100091,101606,2
es4570,3912,ok,100000,100000,2
es4571,3913,ok,102789,168239,3
es4572,3914,ok,100000,100000,2
es4573,3915,ok,104996,105000,3
es4574,3916,ok,104935,105041,3
es4575,3917,ok,100589,316456,2
es4576,3918,ok,103597,132584,3
es4577,3919,ok,100000,100000,2
es4578,3920,ok,100000,100000,2
es4579,3921,ok,100015,100021,2
es4580,3922,ok,100218,155377,2
es4581,3923,ok,100195,105619,2
es4582,3924,ok,100000,100000,2
es4583,3925,ok,101275,272523,3
es4584,3926,ok,100187,277332,3
es4585,3927,ok,100342,106656,2
es4586,3928,ok,101479,207184,3
es4587,3929,ok,100616,124596,2
es4588,3930,ok,100000,100000,2
es4589,3931,ok,104959,105021,3
es4590,3932,ok,100000,100000,2
es4591,3933,ok,101412,284330,3
es4592,3934,ok,100152,105330,2
es4593,3935,ok,100038,132381,2
es4594,3936,ok,100022,309462,3
es4595,3937,ok,100227,224107,3
es4596,3938,ok,101291,298084,3
es4597,3939,ok,100505,139978,2
es4598,3940,ok,103636,141240,3
es4599,3941,ok,100000,100000,2
es4600,3942,ok,100170,109386,2
es4601,3943,ok,104975,105000,3
es4602,3944,ok,100335,318677,3
es4603,3945,ok,100489,114653,2
es4604,3946,ok,100044,626252,3
es4605,3947,ok,100806,380808,2
es4606,3948,ok,100000,100000,2
es4607,3949,ok,102469,208833,3
es4608,3950,ok,101158,224974,3
es4609,3951,ok,100390,252017,2
es4610,3952,ok,100014,194326,2
es4611,3953,ok,100000,143679,2
es4612,3954,ok,101301,383946,4
es4613,3955,ok,101517,261674,3
es4614,3956,ok,101386,304223,3
es4615,3957,ok,100000,100000,2
es4616,3958,ok,104875,105726,3
es4617,3959,ok,100765,160566,2
es4618,3960,ok,100003,100021,2
es4619,3961,ok,104999,105000,3
es4620,3962,ok,101198,149836,2
es4621,3963,ok,100447,138313,2
es4622,3964,ok,100000,100000,2
es4623,3965,ok,100000,100000,2
es4624,3966,ok,100008,100021,2
es4625,3967,ok,100000,100000,2
es4626,3968,ok,100000,100000,2
es4627,3969,ok,100000,100000,2
es4628,3970,ok,100000,100000,2
es4629,3971,ok,100000,100000,2
es4630,3972,ok,100000,100000,2
es4631,3973,ok,104463,114386,3
es4632,3974,ok,100000,100000,2
es4633,3975,ok,100309,119105,2
es4634,3976,ok,100000,100000,2
es4635,3977,ok,100000,100000,2
es4636,3978,ok,100000,100000,2
es4637,3979,ok,100000,100000,2
es4638,3980,ok,100000,100000,2
es4639,3981,ok,100000,100000,2
es4640,3982,ok,100000,100000,2
es4641,3983,ok,100000,100000,2
es4642,3984,ok,104734,108456,3
es4643,3985,ok,100000,100000,2
es4644,3986,ok,104814,107062,3
es4645,3987,ok,100890,184095,2
es4646,3988,ok,101620,210508,3
es4647,3989,ok,101338,201613,2
es4648,3990,ok,101260,187349,3
es4649,3991,ok,100000,100000,2
es4650,3992,ok,100000,100000,2
es4651,3993,ok,100000,100041,2
es4652,3994,ok,100100,110596,2
es4653,3995,ok,100000,100000,2
es4654,3996,ok,100543,168464,2
es4655,3997,ok,104895,105787,3
es4656,3998,ok,101145,137439,2
es4657,3999,ok,100072,100281,2
es4658,4000,ok,100024,101709,2
es4659,4001,ok,100000,100000,2
es4660,4002,ok,104997,105000,3
es4661,4003,ok,104994,105000,3
es4662,4004,ok,101228,246897,3
es4663,4005,ok,100298,136874,2
es4664,4006,ok,104999,105000,3
es4665,4007,ok,101416,183955,3
es4666,4008,ok,100795,246780,3
es4667,4009,ok,101208,161708,2
es4668,4010,ok,104105,117411,3
es4669,4011,ok,102046,180747,3
es4670,4012,ok,100574,313072,3
es4671,4013,ok,100621,115581,2
es4672,4014,ok,100487,175316,2
es4673,4015,ok,101390,247601,3
es4674,4016,ok,100000,100000,2
es4675,4017,ok,100000,100000,2
es4676,4018,ok,100000,100000,2
es4679,4019,ok,104902,105746,3
es4680,4020,ok,100191,109602,2
es4681,4021,ok,100737,205000,3
es4682,4022,ok,100552,127033,2
es4683,4023,ok,104808,108886,3
es4684,4024,ok,100710,125126,2
es4685,4025,ok,100041,100081,2
es4686,4026,ok,101656,189095,3
es4687,4027,ok,100176,115181,2
es4688,4028,ok,100008,100342,2
es4689,4029,ok,101053,206186,2
es4690,4030,ok,100077,109171,2
es4691,4031,ok,102589,159369,3
es4692,4032,ok,100049,100301,2
es4693,4033,ok,100841,294856,3
es4694,4034,ok,100031,103670,2
es4695,4035,ok,100232,131579,2
es4696,4036,ok,103681,133107,3
es4697,4037,ok,104847,105523,3
es4698,4038,ok,100180,221435,2
es4699,4039,ok,101166,160772,2
es4700,4040,ok,104884,105543,3
es4701,4041,ok,101216,152533,2
es4702,4042,ok,100560,117897,2
es4703,4043,ok,100908,300160,3
es4704,4044,ok,100744,262732,3
es4705,4045,ok,104870,106215,3
es4706,4046,ok,100764,261542,3
es4707,4047,ok,104813,106565,3
es4708,4048,ok,100253,226142,3
es4709,4049,ok,104981,105281,3
es4710,4050,ok,101929,257771,4
es4711,4051,ok,104740,108456,3
es4712,4052,ok,100402,167113,2
es4713,4053,ok,101123,275856,3
es4714,4054,ok,100823,284330,3
es4715,4055,ok,100221,159185,2
es4716,4056,ok,100109,286698,2
es4717,4057,ok,100334,296886,3
es4718,4058,ok,101784,287008,3
es4719,4059,ok,100495,124471,2
es4720,4060,ok,100645,118765,2
es4721,4061,ok,102279,169528,3
es4722,4062,ok,101541,258165,3
es4723,4063,ok,100678,206869,2
es4724,4064,ok,100165,145096,2
es4725,4065,ok,100728,118204,2
es4726,4066,ok,101782,282778,3
es4727,4067,ok,101607,290361,4
es4728,4068,ok,101648,238536,3
es4729,4069,ok,100900,204249,2
es4730,4070,ok,100163,179212,2
es4731,4071,ok,101766,216920,2
es4732,4072,ok,101316,191220,3
es4733,4073,ok,103760,132682,3
es4734,4074,ok,100869,141443,2
es4735,4075,ok,104615,106813,3
es4736,4076,ok,103966,128032,3
es4737,4077,ok,100904,136575,2
es4738,4078,ok,100930,145476,2
es4739,4079,ok,104758,106979,3
es4740,4080,ok,101319,249380,3
es4741,4081,ok,104827,107966,3
es4742,4082,ok,100372,109314,2
es4743,4083,ok,100320,307847,3
es4744,4084,ok,102814,162779,3
es4745,4085,ok,100134,109242,2
es4746,4086,ok,100011,102945,2
es4747,4087,ok,103480,127881,3
es4748,4088,ok,100975,295529,3
es4749,4089,ok,100075,111633,2
es4750,4090,ok,100278,107412,2
es4751,4091,ok,100347,203666,2
es4752,4092,ok,100503,156348,2
es4753,4093,ok,101219,193799,2
es4754,4094,ok,100095,302089,3
es4755,4095,ok,101325,234083,2
es4756,4096,ok,100513,109987,2
es4757,4097,ok,100017,123062,2
es4758,4098,ok,100774,261938,3
es4759,4099,ok,100328,138774,2
es4760,4100,ok,100683,151700,2
es4761,4101,ok,104707,107418,3
es4762,4102,ok,100090,167225,2
es4763,4103,ok,104689,111135,3
es4764,4104,ok,100001,240096,3
es4765,4105,ok,101713,209583,3
es4766,4106,ok,104875,105990,3
es4767,4107,ok,103720,135006,3
es4768,4108,ok,100000,100000,2
es4769,4109,ok,100228,111285,2
es4770,4110,ok,100166,116145,2
es4771,4111,ok,100176,121330,2
es4772,4112,ok,100143,262330,2
es4773,4113,ok,101565,322551,4
es4774,4114,ok,101787,229417,3
es4775,4115,ok,100072,106998,2
es4776,4116,ok,101081,194175,2
es4777,4117,ok,100371,209908,2
es4778,4118,ok,100112,113020,2
es4779,4119,ok,100398,116496,2
es4780,4120,ok,101803,276045,4
es4781,4121,ok,101272,294018,3
es4782,4122,ok,103459,146243,3
es4783,4123,ok,100322,104559,2
es4784,4124,ok,100734,115527,2
es4785,4125,ok,100235,109314,2
es4786,4126,ok,100338,118681,2
es4787,4127,ok,100968,163239,2
es4788,4128,ok,104636,109954,3
es4789,4129,ok,104979,105000,3
es4790,4130,ok,104871,105221,3
es4791,4131,ok,100050,105109,2
es4792,4132,ok,104822,107083,3
es4793,4133,ok,104847,106896,3
es4794,4134,ok,100768,136203,2
es4795,4135,ok,100284,158479,2
es4796,4136,ok,104931,105021,3
es4797,4137,ok,104999,105000,3
es4798,4138,ok,101241,152208,2
es4799,4139,ok,103620,133337,3
es4800,4140,ok,104970,105000,3
es4801,4141,ok,104218,118844,3
es4802,4142,ok,100471,168237,2
es4803,4143,ok,104995,105000,3
es4804,4144,ok,101343,209644,2
es4805,4145,ok,100219,106861,2
es4806,4146,ok,101751,204761,3
es4807,4147,ok,102107,198051,3
es4822,4148,ok,100509,399322,3
es4823,4149,ok,100099,296736,2
es4824,4150,ok,100740,179156,3
es4825,4151,ok,104982,105041,3
es4826,4152,ok,101131,248547,3
es4827,4153,ok,104555,113062,3
es4828,4154,ok,100227,112335,2
es4829,4155,ok,100195,107922,2
es4830,4156,ok,100052,279005,3
es4831,4157,ok,100173,324887,2
es4832,4158,ok,100111,117897,2
es4833,4159,ok,104920,105543,3
es4834,4160,ok,104971,105000,3
es4835,4161,ok,100000,100000,2
es4836,4162,ok,100047,157829,2
es4837,4163,ok,104895,105141,3
es4838,4164,ok,100313,118935,2
es4839,4165,ok,104996,105000,3
es4840,4166,ok,104974,105000,3
es4841,4167,ok,104866,105949,3
es4842,4168,ok,100122,157085,2
es4843,4169,ok,104978,105021,3
es4844,4170,ok,104905,105101,3
es4845,4171,ok,104597,110486,3
es4846,4172,ok,100326,112385,2
es4861,4173,ok,104842,105827,3
es4862,4174,ok,100497,249380,3
es4863,4175,ok,100277,136725,2
es4864,4176,ok,104998,105000,3
es4865,4177,ok,104678,106236,3
es4866,4178,ok,103503,134669,3
es4867,4179,ok,100013,100685,2
es4868,4180,ok,101202,266525,2
es4869,4181,ok,100614,311333,2
es4870,4182,ok,100181,113302,2
es4871,4183,ok,104952,105021,3
es4872,4184,ok,100010,100281,2
es4873,4185,ok,100531,160927,2
es4874,4186,ok,100600,281855,3
es4875,4187,ok,104333,118818,3
es4876,4188,ok,100707,148412,2
es4877,4189,ok,100104,102966,2
es4878,4190,ok,100101,266918,3
es4879,4191,ok,101101,175009,2
es4880,4192,ok,100000,268332,3
es4881,4193,ok,100842,296546,3
es4882,4194,ok,100627,148061,2
es4883,4195,ok,100122,130413,2
es4884,4196,ok,100821,228624,2
es4885,4197,ok,100006,304690,3
es4886,4198,ok,100927,287168,3
es4887,4199,ok,100708,226964,2
es4888,4200,ok,100076,312023,3
es4889,4201,ok,101627,272953,3
es4890,4202,ok,100710,177431,2
es4891,4203,ok,100056,158882,2
es4892,4204,ok,100897,142046,2
es4893,4205,ok,100292,129266,2
es4894,4206,ok,100628,139121,2
es4895,4207,ok,100169,128800,2
es4896,4208,ok,100079,117509,2
es4897,4209,ok,100560,144134,2
es4898,4210,ok,100214,128074,2
es4899,4211,ok,100176,270675,3
es4900,4212,ok,100028,114078,2
es4901,4213,ok,104083,125049,3
es4902,4214,ok,101279,297057,3
es4903,4215,ok,100169,150376,2
es4904,4216,ok,100518,159490,2
es4905,4217,ok,104361,116558,3
es4906,4218,ok,100498,202102,2
es4907,4219,ok,100940,226632,3
es4908,4220,ok,102343,197234,3
es4909,4221,ok,104828,105746,3
es4910,4222,ok,100555,350543,3
es4911,4223,ok,100775,231552,3
es4912,4224,ok,100356,122011,2
es4913,4225,ok,100640,183892,2
es4914,4226,ok,100214,117953,2
es4915,4227,ok,100000,100000,2
es4916,4228,ok,104810,105827,3
es4945,4229,ok,103699,134199,3
es4946,4230,ok,100125,107782,2
es4947,4231,ok,100019,101751,2
es4948,4232,ok,100077,118092,2
es4949,4233,ok,100058,116878,2
es4950,4234,ok,104233,113085,3
es4951,4235,ok,104942,105442,3
es4952,4236,ok,101382,221828,2
es4953,4237,ok,101609,256636,3
es4954,4238,ok,104833,105201,3
es4955,4239,ok,103794,125599,3
es4956,4240,ok,100265,109650,2
es4957,4241,ok,103831,133701,3
es4958,4242,ok,100216,108578,2
es4959,4243,ok,101064,191059,2
es4960,4244,ok,100623,114312,2
es4961,4245,ok,102808,172001,3
es4962,4246,ok,100276,118204,2
es4963,4247,ok,100430,235415,3
es4964,4248,ok,104775,105746,3
es4965,4249,ok,100431,128701,2
es4966,4250,ok,101023,257398,3
es4967,4251,ok,100808,241072,3
es4968,4252,ok,101081,235516,2
es4969,4253,ok,100247,111807,2
es4970,4254,ok,104746,110219,3
es4971,4255,ok,100697,169895,2
es4972,4256,ok,100224,120978,2
es4973,4257,ok,100033,244754,3
es4974,4258,ok,100121,109746,2
es4975,4259,ok,100631,116496,2
es4976,4260,ok,100336,129736,2
es4977,4261,ok,101320,232067,3
es4978,4262,ok,102035,165617,3
es4979,4263,ok,100028,284935,3
es4980,4264,ok,101962,189775,3
es4981,4265,ok,100289,111932,2
es4982,4266,ok,100307,104516,2
es4983,4267,ok,101695,194036,3
es4984,4268,ok,100044,334108,3
es4985,4269,ok,103295,150096,3
es4986,4270,ok,104825,106215,3
es4987,4271,ok,100315,150921,2
es4988,4272,ok,101553,309732,4
es4989,4273,ok,101140,175132,2
es4990,4274,ok,104878,105970,3
es4991,4275,ok,100050,100141,2
es4992,4276,ok,100060,100181,2
es4993,4277,ok,104993,105000,3
es4994,4278,ok,100022,100041,2
es4995,4279,ok,100613,122190,2
es4996,4280,ok,100007,100101,2
es4997,4281,ok,104642,110352,3
es4998,4282,ok,100014,100061,2
es4999,4283,ok,100045,106090,2
es5000,4284,ok,100357,136240,2
es5001,4285,ok,103325,153766,3
es5002,4286,ok,100055,287327,3
es5003,4287,ok,100052,289091,3
es5004,4288,ok,100000,100000,2
es5005,4289,ok,104999,105000,3
es5006,4290,ok,104930,105848,3
es5007,4291,ok,100067,101277,2
es5008,4292,ok,100068,105375,2
es5009,4293,ok,101257,227025,3
es5010,4294,ok,100009,100021,2
es5011,4295,ok,100057,102733,2
es5012,4296,ok,100400,203749,2
es5013,4297,ok,104903,106565,3
es5014,4298,ok,101115,203571,3
es5015,4299,ok,104959,105402,3
es5016,4300,ok,100208,135870,2
es5017,4301,ok,100109,108838,2
es5018,4302,ok,100492,300481,2
es5019,4303,ok,100189,145731,2
es5020,4304,ok,100259,132591,2
es5021,4305,ok,101528,202923,2
es5022,4306,ok,100197,127421,2
es5023,4307,ok,102147,234067,4
es5024,4308,ok,101581,200804,2
es5025,4309,ok,104369,110686,3
es5026,4310,ok,100880,229358,2
es5027,4311,ok,100128,107044,2
es5028,4312,ok,100001,270332,3
es5029,4313,ok,100616,139199,2
es5030,4314,ok,104857,105726,3
es5031,4315,ok,100194,106861,2
es5032,4316,ok,100258,119876,2
es5033,4317,ok,100146,106633,2
es5034,4318,ok,104892,105221,3
es5035,4319,ok,104348,119785,3
es5036,4320,ok,100000,100000,2
es9280,4321,ok,100000,100000,2
es5037,4322,ok,100346,200723,2
es5038,4323,ok,100449,141124,2
es5039,4324,ok,100060,100181,2
es5040,4325,ok,100104,278823,3
es5041,4326,ok,101647,305540,4
es5042,4327,ok,100050,227170,2
es5043,4328,ok,100045,249619,3
es5044,4329,ok,100175,109386,2
es5045,4330,ok,100000,100000,2
es5046,4331,ok,101057,192308,2
es5047,4332,ok,101079,264876,3
es5048,4333,ok,101712,185571,3
es5049,4334,ok,101291,248073,3
es5050,4335,ok,104949,105041,3
es5051,4336,ok,100353,118709,2
es5052,4337,ok,101753,292227,4
es5054,4338,ok,100696,224720,2
es5055,4339,ok,104757,105868,3
es5059,4340,ok,100454,213129,2
es5060,4341,ok,100065,103563,2
es5063,4342,ok,101118,184230,2
es5066,4343,ok,100200,266918,3
es5068,4344,ok,101470,158781,2
es5069,4345,ok,100636,289576,3
es5070,4346,ok,101516,212901,3
es5071,4347,ok,104993,105000,3
es5072,4348,ok,101536,309080,4
es5073,4349,ok,100205,292398,2
es5074,4350,ok,101230,299638,3
es5075,4351,ok,100101,258808,3
es5076,4352,ok,100467,115581,2
es5077,4353,ok,100000,100000,2
es5078,4354,ok,100023,100041,2
es5079,4355,ok,100515,270675,3
es5080,4356,ok,101243,283552,3
es5081,4357,ok,101379,170649,2
es5082,4358,ok,100012,300493,3
es5083,4359,ok,100619,314215,3
es5084,4360,ok,100664,290552,3
es5085,4361,ok,100548,279424,3
es5086,4362,ok,104999,105000,3
es5087,4363,ok,100082,103242,2
es5088,4364,ok,100000,100000,2
es5089,4365,ok,100023,100281,2
es5090,4366,ok,100136,104932,2
es5091,4367,ok,100414,133833,2
es5092,4368,ok,104961,105000,3
es5093,4369,ok,104480,115327,3
es5094,4370,ok,104860,105564,3
es5095,4371,ok,100147,157530,2
es5096,4372,ok,100023,140965,2
es5097,4373,ok,100235,125314,2
es5098,4374,ok,100353,116632,2
es5099,4375,ok,100743,212495,2
es5100,4376,ok,104732,106215,3
es5101,4377,ok,100156,125597,2
es5102,4378,ok,102005,245323,4
es5103,4379,ok,100516,305121,3
es5104,4380,ok,104618,109450,3
es5105,4381,ok,101515,201939,2
es5106,4382,ok,102133,190874,3
es5107,4383,ok,100000,100000,2
es5108,4384,ok,100535,122851,2
es5109,4385,ok,100607,189036,2
es5110,4386,ok,100376,121537,2
es5111,4387,ok,100011,100041,2
es5112,4388,ok,100000,100000,2
es5113,4389,ok,100000,100000,2
es5114,4390,ok,101405,299118,3
es5115,4391,ok,100178,243903,2
es5118,4392,ok,100070,100261,2
es5121,4393,ok,104730,105909,3
es5122,4394,ok,100131,123610,2
es5123,4395,ok,100000,100000,2
es5124,4396,ok,100076,191351,2
es5125,4397,ok,100009,102062,2
es5126,4398,ok,103819,130188,3
es5127,4399,ok,104993,105000,3
es5128,4400,ok,104920,105402,3
es5129,4401,ok,101653,301034,3
es5130,4402,ok,100145,140608,2
es5131,4403,ok,101269,183352,2
es5132,4404,ok,100698,174035,2
es5133,4405,ok,100122,106542,2
es5134,4406,ok,100020,305934,3
es5135,4407,ok,100363,115554,2
es5136,4408,ok,100936,265282,3
es5137,4409,ok,101313,275271,3
es5138,4410,ok,102169,173464,3
es5139,4411,ok,104994,105121,3
es5140,4412,ok,104923,105061,3
es5163,4413,ok,100038,100422,2
es5164,4414,ok,100617,126231,2
es5165,4415,ok,100229,105286,2
es5166,4416,ok,104756,105909,3
es5167,4417,ok,100000,100000,2
es5168,4418,ok,100000,100000,2
es5169,4419,ok,100000,100000,2
es5170,4420,ok,100266,132873,2
es5171,4421,ok,100179,120020,2
es5172,4422,ok,100592,151838,2
es5173,4423,ok,104642,112274,3
es5174,4424,ok,100000,100000,2
es5175,4425,ok,100000,100000,2
es5176,4426,ok,100000,100000,2
es5177,4427,ok,104978,105161,3
es5178,4428,ok,100232,105619,2
es5179,4429,ok,100110,337226,3
es5180,4430,ok,102554,176645,3
es5181,4431,ok,100417,262335,3
es5182,4432,ok,100000,100000,2
es5183,4433,ok,104764,106215,3
es5184,4434,ok,100272,124689,2
es5185,4435,ok,100502,146628,2
es5186,4436,ok,101192,198200,3
es5187,4437,ok,100323,117565,2
es5188,4438,ok,101987,201928,3
es5189,4439,ok,104869,105442,3
es5190,4440,ok,104805,106751,3
es5191,4441,ok,104466,113980,3
es5192,4442,ok,100042,124410,2
es5193,4443,ok,104630,111633,3
es5194,4444,ok,102999,152189,3
es5195,4445,ok,104916,106771,3
es5196,4446,ok,100007,100705,2
es5197,4447,ok,100000,100000,2
es5198,4448,ok,104977,105121,3
es5199,4449,ok,100000,100000,2
es5200,4450,ok,100000,100000,2
es5201,4451,ok,100022,100101,2
es5202,4452,ok,104999,105000,3
es5203,4453,ok,100000,100000,2
es5204,4454,ok,100000,100000,2
es5205,4455,ok,100000,100000,2
es5206,4456,ok,100000,100000,2
es5207,4457,ok,100000,100000,2
es5208,4458,ok,104992,105000,3
es5209,4459,ok,101616,313072,4
es5210,4460,ok,104880,106792,3
es5211,4461,ok,100000,100000,2
es5212,4462,ok,100000,100000,2
es5213,4463,ok,100000,100000,2
es5214,4464,ok,100049,100301,2
es5215,4465,ok,100710,130379,2
es5216,4466,ok,100035,100807,2
es5217,4467,ok,100181,262335,3
es5218,4468,ok,100316,131407,2
es5219,4469,ok,104959,105041,3
es5220,4470,ok,104999,105000,3
es5221,4471,ok,103708,118046,3
es5222,4472,ok,104883,105604,3
es5223,4473,ok,100026,110644,2
es5224,4474,ok,100364,128271,2
es5225,4475,ok,100043,100362,2
es5226,4476,ok,100004,110718,2
es5227,4477,ok,100546,204835,2
es5228,4478,ok,104786,105442,3
es5229,4479,ok,100086,100201,2
es5230,4480,ok,104912,105705,3
es5231,4481,ok,100050,104385,2
es5232,4482,ok,101591,189163,3
es5233,4483,ok,102153,235184,4
es5234,4484,ok,102889,173124,3
es5235,4485,ok,102732,186029,3
es5236,4486,ok,101565,239464,2
es5237,4487,ok,104168,116458,3
es5238,4488,ok,102596,202239,3
es5239,4489,ok,103029,157440,3
es5240,4490,ok,102259,193395,3
es5241,4491,ok,100203,117014,2
es5242,4492,ok,100006,100021,2
es5243,4493,ok,100391,106998,2
es5244,4494,ok,100000,100000,2
es5245,4495,ok,100000,100000,2
es5246,4496,ok,104814,106318,3
es5247,4497,ok,100000,100000,2
es5248,4498,ok,100000,100000,2
es5249,4499,ok,102740,170290,3
es5250,4500,ok,100000,100000,2
es5251,4501,ok,100952,144760,2
es5252,4502,ok,100062,103972,2
es5253,4503,ok,100089,126969,2
es5254,4504,ok,100056,313072,3
es5255,4505,ok,100648,138466,2
es5256,4506,ok,100844,146628,2
es5257,4507,ok,100978,199921,2
es5258,4508,ok,100673,253139,3
es5259,4509,ok,101595,317952,4
es5260,4510,ok,104948,105543,3
es5261,4511,ok,104955,105021,3
es5262,4512,ok,104657,106277,3
es5263,4513,ok,104913,105101,3
es5264,4514,ok,100702,142939,2
es5265,4515,ok,104598,107565,3
es5266,4516,ok,100404,112664,2
es5267,4517,ok,104979,105021,3
es5268,4518,ok,100467,264471,3
es5269,4519,ok,100350,313833,3
es5270,4520,ok,100912,297741,3
es5271,4521,ok,101569,312693,3
es5272,4522,ok,101218,186707,2
es5273,4523,ok,101435,250219,3
es5274,4524,ok,100038,103627,2
es5275,4525,ok,104912,105101,3
es5276,4526,ok,101087,309507,3
es5277,4527,ok,100641,312504,3
es5278,4528,ok,100029,100970,2
es5279,4529,ok,100327,107829,2
es5280,4530,ok,104324,119496,3
es5281,4531,ok,100030,167225,2
es5282,4532,ok,104218,117995,3
es5283,4533,ok,104972,105021,3
es5284,4534,ok,100000,100000,2
es5285,4535,ok,100013,100041,2
es5286,4536,ok,101594,270817,3
es5287,4537,ok,100191,113072,2
es5288,4538,ok,100722,143679,2
es5289,4539,ok,100486,258422,3
es5290,4540,ok,104999,105000,3
es5291,4541,ok,101414,252781,2
es5292,4542,ok,103813,124503,3
es5293,4543,ok,104999,105000,3
es5294,4544,ok,100863,310437,3
es5295,4545,ok,100009,300301,2
es5296,4546,ok,100000,100000,2
es5297,4547,ok,100000,100000,2
es5298,4548,ok,100223,259713,3
es5299,4549,ok,100406,124751,2
es5300,4550,ok,100450,148324,2
es5301,4551,ok,101392,242643,3
es5302,4552,ok,104920,105021,3
es5303,4553,ok,104869,105121,3
es5304,4554,ok,100302,110157,2
es5305,4555,ok,104868,106133,3
es5306,4556,ok,100337,125440,2
es5307,4557,ok,104964,105442,3
es5308,4558,ok,101557,306569,3
es5309,4559,ok,100334,321056,3
es5310,4560,ok,100174,108909,2
es5311,4561,ok,102115,231295,4
es5312,4562,ok,102394,180193,3
es5313,4563,ok,101180,274688,3
es5314,4564,ok,101325,307664,3
es5315,4565,ok,100128,158379,2
es5316,4566,ok,100933,165399,2
es5317,4567,ok,101065,185254,2
es5318,4568,ok,100149,131165,2
es5319,4569,ok,104903,105888,3
es5320,4570,ok,101591,318329,4
es5321,4571,ok,100000,100000,2
es5322,4572,ok,104993,105021,3
es5323,4573,ok,104056,118559,3
es5324,4574,ok,100025,100402,2
es5325,4575,ok,100625,227170,2
es5326,4576,ok,100022,984896,3
es5327,4577,ok,101547,216506,3
es5328,4578,ok,100000,100000,2
es5329,4579,ok,104998,105000,3
es5330,4580,ok,100273,104888,2
es5331,4581,ok,104919,105888,3
es5332,4582,ok,100129,205931,2
es5333,4583,ok,100890,532541,4
es5334,4584,ok,101779,192407,3
es5335,4585,ok,100000,100000,2
es5336,4586,ok,104994,105000,3
es5337,4587,ok,104594,112044,3
es5338,4588,ok,100025,100483,2
es5339,4589,ok,104974,105503,3
es5340,4590,ok,100000,100000,2
es5341,4591,ok,104652,107376,3
es5342,4592,ok,100940,174095,2
es5343,4593,ok,104679,109734,3
es5344,4594,ok,104865,105868,3
es5345,4595,ok,100000,100000,2
es5346,4596,ok,100000,100000,2
es5347,4597,ok,100555,121213,2
es5348,4598,ok,101870,219225,3
es5349,4599,ok,100466,115155,2
es5350,4600,ok,104991,105000,3
es5351,4601,ok,100000,100000,2
es5352,4602,ok,100000,100000,2
es5353,4603,ok,104998,105000,3
es5354,4604,ok,100000,100000,2
es5355,4605,ok,102251,210424,3
es5356,4606,ok,100000,100000,2
es5357,4607,ok,100000,100000,2
es5358,4608,ok,104997,105000,3
es5359,4609,ok,100025,100081,2
es5360,4610,ok,100055,100201,2
es5361,4611,ok,104729,108349,3
es5362,4612,ok,104538,114698,3
es5363,4613,ok,100293,112715,2
es5364,4614,ok,104960,105021,3
es5365,4615,ok,100017,100161,2
es5366,4616,ok,104997,105021,3
es5367,4617,ok,104905,105181,3
es5368,4618,ok,100073,101937,2
es5369,4619,ok,100022,102250,2
es5370,4620,ok,100573,129300,2
es5371,4621,ok,100392,120773,2
es5372,4622,ok,100084,167673,2
es5373,4623,ok,104708,107712,3
es5374,4624,ok,104660,109954,3
es5375,4625,ok,104849,106771,3
es5376,4626,ok,100131,143720,2
es5377,4627,ok,100000,100000,2
es5378,4628,ok,100027,100281,2
es5379,4629,ok,100042,101647,2
es5380,4630,ok,100115,138351,2
es5381,4631,ok,104979,105000,3
es5382,4632,ok,100000,100000,2
es5383,4633,ok,100279,112058,2
es5384,4634,ok,100000,100000,2
es5385,4635,ok,100000,100000,2
es5386,4636,ok,104830,105827,3
es5387,4637,ok,101606,248191,3
es5388,4638,ok,101367,354960,4
es5389,4639,ok,100040,132101,2
es5390,4640,ok,100137,313262,3
es5391,4641,ok,100062,249751,2
es5392,4642,ok,102134,189502,3
es5393,4643,ok,100052,100121,2
es5394,4644,ok,104999,105000,3
es5395,4645,ok,104999,105000,3
es5396,4646,ok,104999,105000,3
es5397,4647,ok,104999,105000,3
es5398,4648,ok,100000,100000,2
es5399,4649,ok,101138,226435,3
es5400,4650,ok,104764,105787,3
es5402,4651,ok,100060,100463,2
es5403,4652,ok,104999,105000,3
es5405,4653,ok,104998,105000,3
es5406,4654,ok,100018,100221,2
es5408,4655,ok,101788,218129,3
es5409,4656,ok,101452,254377,3
es5411,4657,ok,100275,227584,2
es5412,4658,ok,104794,107628,3
es5414,4659,ok,100015,100685,2
es5415,4660,ok,100197,107458,2
es5417,4661,ok,101536,214206,3
es5418,4662,ok,101454,208999,3
es5420,4663,ok,100149,143596,2
es5421,4664,ok,101882,177236,3
es5423,4665,ok,103944,127790,3
es5424,4666,ok,104825,106896,3
es5426,4667,ok,102140,230097,2
es5427,4668,ok,100031,301534,3
es5429,4669,ok,100982,165948,2
es5430,4670,ok,100000,100000,2
es5432,4671,ok,104921,105041,3
es5433,4672,ok,104960,105000,3
es5435,4673,ok,102816,178732,3
es5436,4674,ok,100083,133869,2
es5438,4675,ok,100158,198887,2
es5439,4676,ok,100729,222865,3
es5441,4677,ok,100262,262732,3
es5442,4678,ok,101658,182810,3
es5444,4679,ok,104471,116285,3
es5445,4680,ok,101483,196498,3
es5447,4681,ok,100110,243903,2
es5448,4682,ok,100000,100000,2
es5449,4683,ok,100993,231697,2
es5450,4684,ok,101309,232170,3
es5451,4685,ok,100000,100000,2
es5452,4686,ok,100479,126647,2
es5453,4687,ok,100177,138581,2
es5454,4688,ok,101146,223514,2
es5455,4689,ok,104690,106359,3
es5456,4690,ok,100131,123610,2
es5457,4691,ok,103387,141650,3
es5458,4692,ok,100019,114706,2
es5459,4693,ok,101389,196571,3
es5460,4694,ok,100581,128403,2
es5461,4695,ok,101784,237235,3
es5462,4696,ok,101347,209919,3
es5463,4697,ok,104900,105081,3
es5464,4698,ok,100517,117069,2
es5465,4699,ok,101269,255502,3
es5466,4700,ok,104762,107691,3
es5467,4701,ok,100057,132311,2
es5468,4702,ok,101008,296206,3
es5469,4703,ok,104830,108157,3
es5470,4704,ok,100263,114443,2
es5471,4705,ok,100409,120395,2
es5472,4706,ok,100323,131269,2
es5473,4707,ok,100320,110988,2
es5474,4708,ok,100008,100021,2
es5475,4709,ok,100057,129669,2
es5476,4710,ok,100383,122160,2
es5477,4711,ok,100241,152254,2
es5478,4712,ok,100415,131788,2
es5479,4713,ok,102080,236482,3
es5480,4714,ok,104842,105624,3
es5481,4715,ok,100000,100000,2
es5482,4716,ok,100903,145688,2
es5483,4717,ok,100853,285584,3
es5484,4718,ok,101431,298600,3
es5485,4719,ok,101186,168691,2
es5486,4720,ok,101752,237667,3
es5487,4721,ok,100514,141644,2
es5488,4722,ok,100255,106158,2
es5489,4723,ok,100666,211596,2
es5490,4724,ok,101389,261542,3
es5491,4725,ok,100594,147798,2
es5492,4726,ok,100106,200804,2
es5493,4727,ok,100920,295684,2
es5494,4728,ok,100023,130040,2
es5495,4729,ok,100054,110327,2
es5496,4730,ok,104762,109581,3
es5497,4731,ok,100845,297912,3
es5498,4732,ok,103919,127130,3
es5499,4733,ok,104824,105261,3
es5500,4734,ok,100149,126647,2
es5501,4735,ok,100191,150422,2
es5502,4736,ok,101896,212297,3
es5662,4737,ok,100812,296716,3
es5663,4738,ok,100666,155377,2
es5664,4739,ok,104970,105000,3
es5665,4740,ok,100000,100000,2
es5666,4741,ok,100194,138889,2
es5667,4742,ok,100027,100342,2
es5668,4743,ok,104926,105584,3
es5669,4744,ok,100847,266097,3
es5671,4745,ok,100000,100000,2
es5672,4746,ok,100000,100000,2
es5718,4747,ok,101023,151976,2
es5719,4748,ok,101339,387173,4
es5720,4749,ok,100000,100000,2
es5721,4750,ok,100014,100021,2
es5722,4751,ok,100024,100342,2
es5784,4752,ok,100000,100000,2
es5785,4753,ok,104999,105000,3
es5786,4754,ok,100182,106633,2
es5787,4755,ok,101654,247771,2
es5788,4756,ok,100358,299402,2
es5789,4757,ok,100000,100000,2
es5790,4758,ok,104816,107083,3
es5791,4759,ok,104999,105000,3
es5792,4760,ok,100249,120193,2
es5793,4761,ok,104980,105141,3
es5794,4762,ok,100004,100021,2
es5795,4763,ok,104990,105000,3
es5796,4764,ok,100393,109099,2
es5797,4765,ok,101522,198808,2
es5798,4766,ok,100729,120890,2
es5799,4767,ok,100932,150151,2
es5800,4768,ok,100023,109506,2
es5801,4769,ok,101063,243903,2
es5802,4770,ok,100403,202266,2
es5803,4771,ok,100563,142208,2
es5804,4772,ok,104998,105000,3
es5805,4773,ok,104980,105000,3
es5806,4774,ok,104892,107083,3
es5807,4775,ok,100024,100301,2
es5808,4776,ok,102448,178914,3
es5809,4777,ok,102220,208584,3
es5810,4778,ok,100084,141323,2
es9279,4779,ok,100393,111434,2
es5811,4780,ok,100000,100000,2
es5812,4781,ok,100115,104998,2
es5813,4782,ok,104818,105888,3
es5814,4783,ok,100126,136837,2
es5815,4784,ok,100115,117981,2
es5816,4785,ok,100134,256890,3
es5817,4786,ok,100016,250460,3
es5818,4787,ok,104674,106031,3
es5819,4788,ok,104853,105584,3
es5820,4789,ok,104925,105181,3
es5821,4790,ok,102026,236482,3
es5822,4791,ok,100782,179534,2
es5823,4792,ok,100164,110964,2
es5824,4793,ok,104995,105061,3
es5825,4794,ok,100275,478485,3
es5826,4795,ok,101522,211954,3
es5827,4796,ok,100392,135355,2
es5828,4797,ok,101516,315753,3
es5829,4798,ok,104011,125049,3
es5830,4799,ok,103492,131551,3
es5831,4800,ok,100000,100000,2
es5832,4801,ok,100137,111458,2
es5833,4802,ok,100017,132486,2
es5834,4803,ok,100469,315753,3
es5835,4804,ok,100566,341065,2
es5836,4805,ok,100240,140766,2
es5892,4806,ok,102524,160909,3
es5893,4807,ok,101526,207642,2
es5894,4808,ok,100127,288930,3
es5895,4809,ok,102474,160861,3
es5896,4810,ok,101526,207642,2
es5897,4811,ok,100126,288930,3
es5910,4812,ok,100511,109602,2
es5911,4813,ok,100655,121271,2
es5912,4814,ok,101826,229720,3
es5913,4815,ok,100000,100000,2
es5914,4816,ok,104947,105787,3
es5915,4817,ok,100113,140253,2
es5916,4818,ok,104931,105523,3
es5917,4819,ok,100005,100624,2
es5946,4820,ok,100121,127454,2
es5947,4821,ok,100990,248757,2
es5948,4822,ok,100330,108791,2
es5949,4823,ok,100358,111732,2
es5950,4824,ok,100659,321657,3
es5951,4825,ok,100011,100021,2
es5952,4826,ok,104745,108821,3
es5953,4827,ok,100508,177180,2
es5954,4828,ok,102360,208916,3
es5955,4829,ok,100731,171468,2
es5956,4830,ok,100572,135355,2
es5957,4831,ok,100504,126551,2
es5958,4832,ok,100043,107297,2
es5959,4833,ok,100564,176679,2
es5960,4834,ok,101881,160308,2
es5961,4835,ok,101414,264337,3
es5962,4836,ok,100038,100121,2
es5964,4837,ok,101874,197382,3
es5965,4838,ok,100008,100021,2
es5967,4839,ok,100297,112083,2
es5968,4840,ok,100452,115155,2
es6042,4841,ok,104991,105000,3
es6045,4842,ok,100055,100281,2
es6083,4843,ok,103772,130534,3
es6127,4844,ok,101364,295192,3
es6130,4845,ok,100000,100000,2
es6143,4846,ok,100185,127065,2
es6160,4847,ok,104999,105000,3
es6164,4848,ok,100000,100000,2
es6174,4849,ok,100000,100000,2
es6347,4850,ok,102514,168935,3
es6426,4851,ok,104999,105000,3
es6433,4852,ok,104978,105101,3
es6439,4853,ok,100000,100000,2
es6444,4854,ok,100000,100000,2
es6459,4855,ok,100000,100000,2
es6464,4856,ok,100000,100000,2
es6467,4857,ok,100000,100000,2
es6500,4858,ok,104969,105021,3
es6551,4859,ok,100000,100000,2
es7045,4860,ok,100000,100000,2
es7233,4861,ok,100000,100000,2
es5969,4862,ok,101167,305662,3
es5975,4863,ok,100000,100000,2
es5976,4864,ok,100000,100000,2
es5977,4865,ok,104959,105483,3
es5979,4866,ok,104948,105726,3
es5980,4867,ok,100000,100000,2
es5982,4868,ok,100015,100301,2
es5985,4869,ok,100000,100000,2
es5990,4870,ok,100000,100000,2
es5996,4871,ok,104999,105000,3
es5999,4872,ok,100000,100000,2
es6003,4873,ok,100000,100000,2
es6005,4874,ok,100050,108015,2
es6008,4875,ok,100000,100000,2
es6010,4876,ok,100000,100000,2
es6015,4877,ok,100000,100000,2
es6020,4878,ok,100000,100000,2
es6022,4879,ok,100687,162708,2
es6025,4880,ok,104943,105021,3
es6038,4881,ok,104994,105000,3
es6041,4882,ok,100000,100000,2
es6047,4883,ok,102250,289688,2
es6051,4884,ok,100000,100000,2
es6056,4885,ok,100688,353607,2
es6059,4886,ok,100749,282624,3
es6078,4887,ok,100000,100000,2
es6080,4888,ok,100000,100000,2
es6092,4889,ok,103594,139735,3
es6094,4890,ok,100458,193574,2
es6099,4891,ok,104979,105061,3
es6110,4892,ok,100000,100000,2
es6117,4893,ok,100000,100000,2
es6124,4894,ok,104802,108370,3
es6136,4895,ok,104954,105181,3
es6137,4896,ok,100000,100000,2
es6140,4897,ok,104917,105061,3
es6145,4898,ok,100000,100000,2
es6147,4899,ok,104966,105081,3
es6148,4900,ok,104999,105000,3
es6155,4901,ok,104021,114004,3
es6158,4902,ok,100045,100442,2
es6162,4903,ok,104982,105000,3
es6165,4904,ok,104952,105161,3
es6166,4905,ok,100000,100000,2
es6167,4906,ok,100445,137855,2
es6231,4907,ok,100000,100000,2
es6234,4908,ok,100000,100000,2
es6250,4909,ok,100000,100000,2
es6269,4910,ok,100000,100000,2
es6270,4911,ok,101935,227223,3
es6271,4912,ok,100014,261849,3
es6272,4913,ok,104999,105000,3
es6273,4914,ok,101894,209249,3
es6274,4915,ok,100000,100000,2
es6276,4916,ok,104882,105041,3
es6275,4917,ok,104927,105564,3
es6277,4918,ok,100057,100322,2
es6278,4919,ok,100000,100000,2
es6279,4920,ok,104768,108821,3
es6280,4921,ok,102607,163630,3
es6281,4922,ok,100000,100000,2
es6286,4923,ok,100610,241407,3
es6292,4924,ok,100001,126487,2
es6290,4925,ok,104999,105000,3
es6295,4926,ok,100000,100000,2
es6301,4927,ok,100000,100000,2
es6299,4928,ok,104999,105000,3
es6309,4929,ok,100000,100000,2
es6312,4930,ok,100000,100000,2
es6320,4931,ok,100000,100000,2
es6324,4932,ok,100000,100000,2
es6333,4933,ok,104692,107502,3
es6330,4934,ok,100000,100000,2
es6337,4935,ok,100000,100000,2
es6344,4936,ok,100000,100000,2
es6349,4937,ok,100000,100000,2
es6354,4938,ok,104823,107292,3
es6356,4939,ok,100000,100000,2
es6362,4940,ok,100000,100000,2
es6367,4941,ok,100020,100301,2
es6371,4942,ok,100530,121448,2
es6376,4943,ok,100000,100000,2
es6378,4944,ok,104812,105705,3
es6381,4945,ok,100000,100000,2
es6383,4946,ok,100047,119618,2
es6386,4947,ok,100000,100000,2
es6385,4948,ok,100301,253937,2
es6388,4949,ok,100749,222420,2
es6389,4950,ok,100000,100000,2
es6390,4951,ok,104675,106896,3
es6391,4952,ok,104990,105041,3
es6393,4953,ok,100412,141724,2
es6395,4954,ok,104812,106256,3
es6396,4955,ok,100000,100000,2
es6399,4956,ok,100000,100000,2
es6400,4957,ok,100000,100000,2
es6403,4958,ok,104999,105000,3
es6404,4959,ok,100000,100000,2
es6406,4960,ok,100623,177747,2
es6408,4961,ok,100014,100221,2
es6411,4962,ok,104999,105000,3
es6414,4963,ok,100937,218436,2
es6416,4964,ok,104999,105000,3
es6420,4965,ok,102415,178011,3
es6422,4966,ok,100258,107136,2
es6424,4967,ok,100000,100000,2
es6425,4968,ok,100022,100121,2
es6430,4969,ok,100014,100041,2
es6435,4970,ok,101575,216417,3
es6436,4971,ok,100000,100000,2
es6438,4972,ok,100000,100000,2
es6443,4973,ok,100000,100000,2
es6447,4974,ok,100000,100000,2
es6451,4975,ok,100000,100000,2
es6454,4976,ok,100442,119761,2
es6456,4977,ok,100000,100000,2
es6458,4978,ok,104972,105021,3
es6460,4979,ok,104250,117284,3
es6466,4980,ok,100000,100000,2
es6468,4981,ok,100000,100000,2
es6469,4982,ok,104075,117461,3
es6470,4983,ok,101931,230124,3
es6472,4984,ok,100000,100000,2
es6474,4985,ok,102499,171501,3
es6484,4986,ok,104954,105422,3
es6497,4987,ok,103719,132033,3
es6499,4988,ok,104994,105000,3
es6508,4989,ok,100402,155473,2
es6510,4990,ok,104812,105949,3
es6517,4991,ok,100000,100000,2
es6519,4992,ok,100031,100181,2
es6525,4993,ok,100000,100000,2
es6532,4994,ok,100606,263800,3
es6535,4995,ok,100148,125282,2
es6537,4996,ok,100771,184095,2
es6540,4997,ok,100000,100000,2
es6546,4998,ok,100000,100000,2
es6550,4999,ok,100000,100000,2
es6552,5000,ok,104999,105000,3
es6555,5001,ok,100000,100000,2
es6563,5002,ok,100000,100000,2
es6568,5003,ok,100000,100000,2
es6570,5004,ok,100043,100261,2
es6572,5005,ok,100041,100362,2
es6577,5006,ok,100228,176804,2
es6583,5007,ok,104905,105990,3
es6586,5008,ok,100000,100000,2
es6590,5009,ok,101332,179521,3
es6594,5010,ok,100000,100000,2
es6599,5011,ok,100000,100000,2
es6600,5012,ok,100078,109818,2
es6605,5013,ok,100000,100000,2
es6611,5014,ok,102411,175300,3
es6614,5015,ok,100000,100000,2
es6618,5016,ok,100000,100000,2
es6623,5017,ok,100562,129669,2
es6628,5018,ok,100000,100000,2
es6633,5019,ok,100000,100000,2
es6649,5020,ok,104799,106937,3
es6653,5021,ok,100000,100000,2
es6658,5022,ok,104719,106420,3
es6665,5023,ok,101438,292398,2
es6670,5024,ok,100000,100000,2
es6673,5025,ok,104692,107523,3
es6677,5026,ok,100672,189251,2
es6683,5027,ok,100702,120541,2
es6686,5028,ok,100000,100000,2
es6693,5029,ok,104839,107020,3
es6701,5030,ok,104996,105000,3
es6704,5031,ok,102066,170290,3
es6706,5032,ok,100000,100000,2
es6711,5033,ok,100226,121507,2
es6712,5034,ok,100000,100000,2
es6717,5035,ok,100000,100000,2
es6720,5036,ok,100000,100000,2
es6722,5037,ok,100435,129099,2
es6729,5038,ok,100000,100000,2
es6730,5039,ok,100000,100000,2
es6736,5040,ok,101882,269551,3
es6740,5041,ok,104965,105463,3
es6745,5042,ok,100242,116010,2
es6749,5043,ok,100000,100000,2
es6762,5044,ok,100000,100000,2
es6763,5045,ok,100045,100442,2
es6772,5046,ok,100005,100021,2
es6779,5047,ok,100000,100000,2
es6787,5048,ok,100000,100000,2
es6791,5049,ok,100294,107504,2
es6792,5050,ok,100000,100000,2
es6799,5051,ok,100000,100000,2
es6800,5052,ok,100079,106429,2
es6801,5053,ok,100848,145054,2
es6808,5054,ok,100016,100021,2
es6817,5055,ok,100070,151332,2
es6820,5056,ok,102213,219869,3
es6823,5057,ok,100125,107782,2
es6832,5058,ok,104988,105000,3
es6841,5059,ok,100000,100000,2
es6845,5060,ok,100000,100000,2
es6847,5061,ok,100696,149299,2
es6850,5062,ok,100181,109338,2
es6857,5063,ok,100266,120337,2
es6860,5064,ok,100000,100000,2
es6864,5065,ok,100000,100000,2
es6867,5066,ok,104838,105685,3
es6868,5067,ok,100027,100061,2
es6869,5068,ok,100000,100000,2
es6873,5069,ok,100000,100000,2
es6876,5070,ok,100000,100000,2
es6878,5071,ok,104984,105000,3
es6881,5072,ok,100121,108179,2
es6887,5073,ok,100000,100000,2
es6894,5074,ok,100085,116741,2
es6897,5075,ok,100336,127878,2
es6898,5076,ok,100010,241749,3
es6902,5077,ok,104891,107418,3
es6915,5078,ok,101181,174642,2
es6920,5079,ok,100000,100000,2
es6925,5080,ok,104896,105624,3
es6928,5081,ok,100000,100000,2
es6935,5082,ok,101166,354407,3
es6936,5083,ok,100027,100101,2
es6937,5084,ok,101010,223341,3
es6938,5085,ok,100131,108015,2
es6943,5086,ok,104999,105000,3
es6948,5087,ok,100197,346998,3
es6951,5088,ok,102184,187883,3
es6957,5089,ok,100000,100000,2
es6963,5090,ok,100041,115661,2
es6964,5091,ok,104925,106482,3
es6967,5092,ok,100168,285742,3
es6970,5093,ok,100056,316373,3
es6976,5094,ok,104974,105000,3
es6979,5095,ok,104964,105624,3
es6984,5096,ok,104994,105021,3
es6985,5097,ok,100820,159439,2
es6992,5098,ok,100000,100000,2
es6996,5099,ok,100345,168748,2
es7005,5100,ok,100000,100000,2
es7013,5101,ok,100000,100000,2
es7018,5102,ok,100630,292192,3
es7027,5103,ok,100142,136538,2
es7031,5104,ok,100000,100000,2
es7038,5105,ok,100000,100000,2
es7042,5106,ok,104903,106133,3
es7048,5107,ok,100000,100000,2
es7050,5108,ok,104787,108370,3
es7053,5109,ok,100000,100000,2
es7061,5110,ok,101492,321214,4
es7065,5111,ok,100000,100000,2
es7071,5112,ok,100000,100000,2
es7084,5113,ok,100000,100000,2
es7091,5114,ok,101193,380940,3
es7093,5115,ok,100016,100021,2
es7106,5116,ok,100000,100000,2
es7118,5117,ok,100415,120541,2
es7117,5118,ok,100391,307298,3
es7120,5119,ok,104990,105101,3
es7121,5120,ok,100000,100000,2
es7127,5121,ok,100000,100000,2
es7128,5122,ok,100336,217392,2
es7129,5123,ok,100000,100000,2
es7130,5124,ok,100000,100000,2
es7133,5125,ok,104934,105221,3
es7139,5126,ok,100000,100000,2
es7140,5127,ok,104996,105000,3
es7142,5128,ok,104859,105181,3
es7145,5129,ok,100000,100000,2
es7146,5130,ok,104895,105081,3
es7147,5131,ok,104997,105000,3
es7150,5132,ok,101528,175649,3
es7154,5133,ok,104790,107691,3
es7157,5134,ok,104876,105422,3
es7158,5135,ok,102422,164439,3
es7160,5136,ok,103388,139554,3
es7161,5137,ok,101075,243550,3
es7163,5138,ok,100000,100000,2
es7167,5139,ok,100000,100000,2
es7165,5140,ok,100000,100000,2
es7171,5141,ok,100000,100000,2
es7172,5142,ok,102141,167920,3
es7174,5143,ok,102758,152103,3
es7177,5144,ok,100000,100000,2
es7176,5145,ok,100370,138928,2
es7181,5146,ok,101147,305121,3
es7184,5147,ok,100000,100000,2
es7185,5148,ok,100000,100000,2
es7186,5149,ok,100000,100000,2
es7189,5150,ok,100000,100000,2
es7194,5151,ok,100390,109602,2
es7196,5152,ok,104910,105564,3
es7198,5153,ok,100314,279799,2
es7200,5154,ok,100317,123275,2
es7202,5155,ok,104174,116707,3
es7204,5156,ok,100006,130617,2
es7209,5157,ok,100061,101277,2
es7210,5158,ok,100000,100000,2
es7215,5159,ok,100030,168748,2
es7219,5160,ok,104998,105000,3
es7220,5161,ok,100000,100000,2
es7223,5162,ok,104996,105000,3
es7225,5163,ok,100009,101896,2
es7227,5164,ok,100034,100705,2
es7230,5165,ok,100223,159898,2
es7231,5166,ok,100007,100041,2
es7238,5167,ok,100000,100000,2
es7237,5168,ok,101212,155377,2
es7240,5169,ok,100000,100000,2
es7243,5170,ok,104997,105000,3
es7248,5171,ok,104149,122703,3
es7246,5172,ok,102558,181741,3
es7249,5173,ok,100000,100000,2
es7253,5174,ok,100048,100181,2
es7254,5175,ok,100329,137628,2
es7257,5176,ok,100002,100402,2
es7259,5177,ok,104330,119026,3
es7261,5178,ok,100000,100000,2
es7262,5179,ok,104999,105000,3
es7263,5180,ok,100000,100000,2
es7265,5181,ok,100000,100000,2
es7267,5182,ok,100000,100000,2
es7270,5183,ok,100292,110865,2
es7271,5184,ok,100000,100000,2
es7276,5185,ok,100000,100000,2
es7279,5186,ok,100000,100000,2
es7281,5187,ok,100014,100041,2
es7284,5188,ok,100946,299291,3
es7285,5189,ok,100016,100503,2
es7287,5190,ok,100000,100000,2
es5970,5191,ok,100195,108814,2
es5984,5192,ok,100000,100000,2
es5987,5193,ok,100000,100000,2
es5994,5194,ok,100000,100000,2
es6000,5195,ok,100000,100000,2
es6012,5196,ok,102370,337610,2
es6013,5197,ok,104899,106051,3
es6027,5198,ok,104928,105061,3
es6030,5199,ok,104844,107376,3
es6044,5200,ok,100000,100000,2
es6049,5201,ok,100029,100121,2
es6054,5202,ok,104965,105021,3
es6068,5203,ok,100218,104472,2
es6071,5204,ok,100927,149522,2
es6082,5205,ok,100000,100000,2
es6104,5206,ok,103827,123794,3
es6109,5207,ok,100524,230429,3
es6113,5208,ok,104999,105000,3
es6120,5209,ok,101431,388199,2
es6123,5210,ok,100287,260103,3
es6132,5211,ok,100009,100021,2
es6142,5212,ok,100161,110157,2
es6151,5213,ok,100502,121625,2
es6159,5214,ok,100000,100000,2
es6163,5215,ok,100000,100000,2
es6168,5216,ok,100000,100000,2
es6171,5217,ok,100000,100000,2
es6178,5218,ok,100000,100000,2
es6180,5219,ok,100000,100000,2
es6206,5220,ok,101605,250219,3
es6210,5221,ok,100000,100000,2
es6215,5222,ok,101687,256510,3
es6227,5223,ok,101608,292522,3
es6248,5224,ok,100000,100000,2
es6252,5225,ok,104877,107229,3
es6254,5226,ok,104755,105624,3
es6263,5227,ok,104478,113343,3
es6264,5228,ok,101580,237992,3
es6293,5229,ok,100000,100000,2
es6288,5230,ok,100000,100000,2
es6300,5231,ok,104726,106730,3
es6303,5232,ok,100265,112842,2
es6310,5233,ok,100000,100000,2
es6314,5234,ok,100000,100000,2
es6321,5235,ok,101652,212126,3
es6326,5236,ok,100000,100000,2
es6336,5237,ok,100301,103951,2
es6345,5238,ok,100000,100000,2
es6351,5239,ok,100000,100000,2
es6355,5240,ok,100000,100000,2
es6357,5241,ok,100000,100000,2
es6363,5242,ok,100000,100000,2
es6368,5243,ok,100891,192827,2
es6372,5244,ok,100000,100000,2
es6377,5245,ok,100461,161083,2
es6379,5246,ok,104999,105000,3
es6382,5247,ok,104999,105000,3
es6387,5248,ok,100472,117124,2
es6394,5249,ok,100067,112562,2
es6398,5250,ok,100000,100000,2
es6397,5251,ok,100000,100000,2
es6401,5252,ok,104983,105041,3
es6405,5253,ok,100201,109099,2
es6407,5254,ok,100000,100000,2
es6409,5255,ok,100119,105463,2
es6413,5256,ok,104114,125222,3
es6418,5257,ok,100000,100000,2
es6421,5258,ok,100012,100041,2
es6427,5259,ok,100025,100081,2
es6431,5260,ok,104108,120421,3
es6441,5261,ok,103201,150688,3
es6450,5262,ok,100279,107689,2
es6457,5263,ok,104667,106462,3
es6463,5264,ok,104794,105564,3
es6471,5265,ok,100213,104450,2
es6475,5266,ok,104960,105000,3
es6478,5267,ok,100599,143761,2
es6483,5268,ok,100112,107297,2
es6488,5269,ok,104998,105000,3
es6501,5270,ok,100000,100000,2
es6503,5271,ok,101651,228314,3
es6505,5272,ok,100274,123123,2
es6512,5273,ok,100000,100000,2
es6514,5274,ok,100042,100442,2
es6520,5275,ok,104422,113039,3
es6524,5276,ok,100000,100000,2
es6531,5277,ok,104753,106482,3
es6538,5278,ok,100161,139005,2
es6549,5279,ok,103290,136062,3
es6558,5280,ok,100000,100000,2
es6566,5281,ok,100659,130447,2
es6573,5282,ok,104982,105141,3
es6578,5283,ok,100000,100000,2
es6582,5284,ok,100535,118176,2
es6587,5285,ok,100000,100000,2
es6591,5286,ok,100000,100000,2
es6595,5287,ok,100020,100081,2
es6601,5288,ok,100772,125471,2
es6606,5289,ok,100426,121774,2
es6609,5290,ok,101125,206186,2
es6615,5291,ok,100014,261421,3
es6619,5292,ok,100359,118709,2
es6624,5293,ok,100000,100000,2
es6629,5294,ok,100066,404859,2
es6634,5295,ok,100055,100161,2
es6637,5296,ok,100578,114653,2
es6638,5297,ok,104811,109124,3
es6641,5298,ok,104746,105970,3
es6643,5299,ok,100050,100101,2
es6645,5300,ok,100064,126391,2
es6650,5301,ok,104998,105000,3
es6655,5302,ok,100416,146328,2
es6656,5303,ok,104985,105000,3
es6661,5304,ok,104999,105000,3
es6671,5305,ok,100920,257909,3
es6678,5306,ok,101014,232019,2
es6681,5307,ok,101403,355442,4
es6685,5308,ok,100123,116741,2
es6688,5309,ok,100000,100000,2
es6689,5310,ok,100632,144467,2
es6694,5311,ok,104995,105000,3
es6700,5312,ok,104999,105000,3
es6708,5313,ok,100025,154131,2
es6709,5314,ok,100485,136725,2
es6710,5315,ok,100274,469484,2
es6719,5316,ok,100016,100021,2
es6721,5317,ok,100047,100081,2
es6726,5318,ok,100149,171175,2
es6738,5319,ok,104999,105000,3
es6741,5320,ok,100088,137024,2
es6752,5321,ok,100002,429566,3
es6755,5322,ok,101324,293351,3
es6758,5323,ok,100099,128800,2
es6760,5324,ok,100000,100000,2
es6764,5325,ok,100310,108791,2
es6766,5326,ok,104994,105000,3
es6775,5327,ok,100000,100000,2
es6778,5328,ok,100000,100000,2
es6785,5329,ok,103712,135311,3
es6786,5330,ok,100647,133548,2
es6795,5331,ok,100000,100000,2
es6797,5332,ok,100614,244121,3
es6812,5333,ok,100000,100000,2
es6816,5334,ok,102730,165052,3
es6821,5335,ok,100000,100000,2
es6829,5336,ok,100055,100261,2
es6831,5337,ok,100096,100422,2
es6835,5338,ok,104998,105000,3
es6839,5339,ok,104980,105000,3
es6856,5340,ok,101566,307481,3
es6865,5341,ok,103578,139917,3
es6879,5342,ok,100310,175624,2
es6883,5343,ok,100000,100000,2
es6885,5344,ok,100000,100000,2
es6891,5345,ok,100035,101051,2
es6895,5346,ok,100317,308031,3
es6901,5347,ok,100109,109171,2
es6903,5348,ok,100698,317305,3
es6908,5349,ok,102444,166447,3
es6912,5350,ok,104860,107313,3
es6913,5351,ok,100044,101792,2
es6916,5352,ok,100278,110939,2
es6921,5353,ok,100060,104581,2
es6923,5354,ok,100011,100021,2
es6929,5355,ok,100038,100301,2
es6932,5356,ok,100000,100000,2
es6945,5357,ok,100044,110133,2
es6949,5358,ok,101436,339973,4
es6953,5359,ok,104998,105000,3
es6955,5360,ok,100018,100041,2
es6958,5361,ok,104999,105000,3
es6962,5362,ok,101081,160876,2
es6965,5363,ok,100000,100000,2
es6975,5364,ok,100763,276740,3
es6981,5365,ok,104741,110352,3
es6986,5366,ok,100000,100000,2
es6995,5367,ok,103402,131263,3
es7001,5368,ok,100000,100000,2
es7006,5369,ok,100000,100000,2
es7010,5370,ok,101798,215173,3
es7011,5371,ok,104808,105990,3
es7015,5372,ok,100000,100000,2
es7019,5373,ok,104844,106256,3
es7021,5374,ok,100049,102924,2
es7028,5375,ok,100789,145096,2
es7033,5376,ok,104991,105000,3
es7039,5377,ok,100000,100000,2
es7043,5378,ok,104738,106523,3
es7047,5379,ok,100352,116932,2
es7056,5380,ok,100000,100000,2
es7062,5381,ok,100879,318874,3
es7066,5382,ok,100998,218129,3
es7074,5383,ok,100697,117509,2
es7077,5384,ok,100000,100000,2
es7085,5385,ok,104874,105827,3
es7088,5386,ok,102668,194682,3
es7092,5387,ok,101060,221239,2
es7098,5388,ok,100085,107504,2
es7102,5389,ok,104992,105000,3
es7104,5390,ok,100042,100463,2
es7107,5391,ok,100044,304355,3
es7110,5392,ok,100242,121271,2
es7123,5393,ok,104836,106730,3
es7135,5394,ok,104999,105000,3
es7149,5395,ok,100020,100181,2
es7155,5396,ok,100000,100000,2
es7188,5397,ok,100100,158329,2
es7195,5398,ok,100000,100000,2
es7197,5399,ok,100000,100000,2
es7205,5400,ok,102639,172955,3
es7211,5401,ok,100000,100000,2
es7216,5402,ok,100042,112613,2
es7217,5403,ok,104968,105000,3
es7228,5404,ok,100000,100000,2
es7232,5405,ok,100016,100021,2
es7251,5406,ok,101090,285427,3
es7247,5407,ok,100000,100000,2
es7266,5408,ok,100610,322663,3
es7277,5409,ok,100000,100000,2
es5974,5410,ok,101168,203087,2
es5971,5411,ok,100000,100000,2
es5972,5412,ok,100000,100000,2
es5978,5413,ok,100000,100000,2
es5981,5414,ok,100339,141764,2
es5983,5415,ok,104993,105000,3
es5986,5416,ok,100000,100000,2
es5988,5417,ok,100050,100121,2
es5989,5418,ok,100034,100241,2
es5991,5419,ok,104999,105000,3
es5992,5420,ok,100000,100000,2
es5993,5421,ok,100000,100000,2
es5995,5422,ok,100000,100000,2
es5997,5423,ok,100000,100000,2
es6001,5424,ok,100425,115367,2
es6002,5425,ok,100000,100000,2
es6004,5426,ok,100000,100000,2
es6006,5427,ok,100000,100000,2
es6007,5428,ok,100000,100000,2
es6009,5429,ok,100000,100000,2
es6011,5430,ok,100000,100000,2
es6014,5431,ok,100000,100000,2
es6016,5432,ok,100276,261644,2
es6017,5433,ok,101672,272237,3
es6018,5434,ok,102316,166343,3
es6019,5435,ok,100263,112918,2
es6021,5436,ok,100000,100000,2
es6024,5437,ok,100000,100000,2
es6028,5438,ok,100000,100000,2
es6029,5439,ok,100031,100041,2
es6031,5440,ok,100000,100000,2
es6032,5441,ok,100000,100000,2
es6034,5442,ok,100000,100000,2
es6035,5443,ok,104044,125337,3
es6036,5444,ok,100000,100000,2
es6037,5445,ok,100000,100000,2
es6043,5446,ok,100234,106270,2
es6046,5447,ok,100000,100000,2
es6050,5448,ok,100000,100000,2
es6052,5449,ok,100000,100000,2
es6055,5450,ok,100000,100000,2
es6058,5451,ok,100000,100000,2
es6061,5452,ok,100000,100000,2
es6062,5453,ok,101453,475286,2
es6064,5454,ok,100000,100000,2
es6065,5455,ok,100000,100000,2
es6066,5456,ok,100000,100000,2
es6069,5457,ok,100157,151976,2
es6070,5458,ok,100000,100000,2
es6072,5459,ok,100000,100000,2
es6073,5460,ok,104783,105746,3
es6074,5461,ok,100419,307504,2
es6075,5462,ok,101251,211954,3
es6076,5463,ok,100000,100000,2
es6077,5464,ok,100000,100000,2
es6079,5465,ok,100451,162920,2
es6081,5466,ok,100000,100000,2
es6085,5467,ok,100000,100000,2
es6086,5468,ok,100000,100000,2
es6087,5469,ok,100000,100000,2
es6088,5470,ok,100000,100000,2
es6089,5471,ok,100000,100000,2
es6091,5472,ok,100228,108791,2
es6093,5473,ok,100000,100000,2
es6095,5474,ok,104998,105000,3
es6096,5475,ok,104850,106482,3
es6097,5476,ok,100000,100000,2
es6098,5477,ok,100000,100000,2
es6100,5478,ok,100000,100000,2
es6101,5479,ok,100000,100000,2
es6103,5480,ok,104999,105000,3
es6106,5481,ok,100000,100000,2
es6107,5482,ok,104991,105021,3
es6108,5483,ok,100000,100000,2
es6111,5484,ok,100000,100000,2
es6114,5485,ok,104844,106236,3
es6115,5486,ok,100145,100543,2
es6116,5487,ok,100087,101979,2
es6118,5488,ok,100000,100000,2
es6119,5489,ok,100000,100000,2
es6121,5490,ok,104999,105000,3
es6125,5491,ok,100000,100000,2
es6128,5492,ok,100000,100000,2
es6129,5493,ok,100000,100000,2
es6131,5494,ok,101802,255126,3
es6133,5495,ok,100136,106588,2
es6134,5496,ok,100128,109818,2
es6135,5497,ok,104999,105000,3
es6138,5498,ok,100000,100000,2
es6139,5499,ok,100575,122670,2
es6141,5500,ok,101237,270958,3
es6144,5501,ok,100045,100121,2
es6146,5502,ok,101137,431779,2
es6149,5503,ok,100000,100000,2
es6150,5504,ok,100000,100000,2
es6152,5505,ok,100000,100000,2
es6154,5506,ok,100000,100000,2
es6156,5507,ok,104856,106133,3
es6157,5508,ok,100000,100000,2
es6169,5509,ok,100000,100000,2
es6172,5510,ok,100000,100000,2
es6175,5511,ok,100679,140766,2
es6176,5512,ok,100181,116796,2
es6177,5513,ok,100138,105441,2
es6179,5514,ok,104878,105141,3
es6182,5515,ok,100000,100000,2
es6183,5516,ok,104797,105766,3
es6184,5517,ok,100000,100000,2
es6185,5518,ok,100000,100000,2
es6188,5519,ok,100543,310437,3
es6190,5520,ok,100000,100000,2
es6191,5521,ok,100000,100000,2
es6192,5522,ok,100000,100000,2
es6193,5523,ok,100000,100000,2
es6194,5524,ok,100000,100000,2
es6195,5525,ok,104762,105624,3
es6196,5526,ok,104778,105322,3
es6197,5527,ok,100018,100041,2
es6198,5528,ok,102854,163329,3
es6199,5529,ok,104999,105000,3
es6200,5530,ok,104897,105081,3
es6201,5531,ok,100258,197785,2
es6202,5532,ok,100779,300858,3
es6203,5533,ok,100000,100000,2
es6204,5534,ok,100026,100402,2
es6205,5535,ok,104998,105000,3
es6207,5536,ok,104986,105000,3
es6208,5537,ok,100000,100000,2
es6209,5538,ok,100000,100000,2
es6211,5539,ok,100000,100000,2
es6212,5540,ok,100000,100000,2
es6216,5541,ok,100000,100000,2
es6217,5542,ok,100000,100000,2
es6218,5543,ok,100000,100000,2
es6219,5544,ok,100000,100000,2
es6220,5545,ok,100000,100000,2
es6222,5546,ok,100400,132416,2
es6223,5547,ok,100000,100000,2
es6224,5548,ok,100238,113482,2
es6225,5549,ok,100000,100000,2
es6226,5550,ok,100000,100000,2
es6228,5551,ok,104904,106256,3
es6229,5552,ok,100000,100000,2
es6232,5553,ok,101649,173131,2
es6233,5554,ok,103467,147451,3
es6235,5555,ok,104886,105181,3
es6236,5556,ok,100000,100000,2
es6237,5557,ok,104888,105342,3
es6238,5558,ok,104690,107860,3
es6239,5559,ok,100000,100000,2
es6241,5560,ok,100000,100000,2
es6242,5561,ok,102621,159847,3
es6244,5562,ok,100000,100000,2
es6245,5563,ok,103829,128275,3
es6246,5564,ok,100000,100000,2
es6247,5565,ok,101275,264741,3
es6249,5566,ok,100000,100000,2
es6251,5567,ok,100000,100000,2
es6253,5568,ok,100000,100000,2
es6255,5569,ok,100000,100000,2
es6256,5570,ok,100209,108531,2
es6258,5571,ok,100169,136166,2
es6259,5572,ok,100000,100000,2
es6260,5573,ok,100000,100000,2
es6261,5574,ok,104998,105000,3
es6262,5575,ok,100019,100101,2
es6265,5576,ok,100000,100000,2
es6266,5577,ok,100000,100000,2
es6267,5578,ok,100000,100000,2
es6287,5579,ok,100000,100000,2
es6294,5580,ok,100351,262998,3
es6291,5581,ok,100000,100000,2
es6296,5582,ok,100000,100000,2
es6302,5583,ok,100109,102250,2
es6313,5584,ok,100000,100000,2
es6322,5585,ok,100000,100000,2
es6325,5586,ok,100000,100000,2
es6331,5587,ok,104994,105021,3
es6338,5588,ok,100000,100000,2
es6343,5589,ok,100000,100000,2
es6350,5590,ok,101772,293454,4
es6359,5591,ok,100000,100000,2
es6364,5592,ok,100019,135245,2
es6369,5593,ok,100000,100000,2
es6373,5594,ok,100000,100000,2
es6374,5595,ok,100000,100000,2
es6380,5596,ok,100000,100000,2
es6410,5597,ok,104081,125773,3
es6412,5598,ok,100000,100000,2
es6437,5599,ok,100000,100000,2
es6440,5600,ok,100000,100000,2
es6442,5601,ok,100000,100000,2
es6445,5602,ok,100000,100000,2
es6446,5603,ok,100000,100000,2
es6448,5604,ok,100000,100000,2
es6449,5605,ok,100268,247893,2
es6452,5606,ok,100000,100000,2
es6453,5607,ok,100000,100000,2
es6455,5608,ok,104911,105041,3
es6461,5609,ok,100000,100000,2
es6462,5610,ok,100000,100000,2
es6465,5611,ok,104995,105000,3
es6476,5612,ok,100621,119218,2
es6479,5613,ok,100126,335346,2
es6480,5614,ok,100000,100000,2
es6481,5615,ok,100000,100000,2
es6486,5616,ok,104940,105624,3
es6489,5617,ok,100000,100000,2
es6490,5618,ok,102425,189639,3
es6492,5619,ok,102910,158046,3
es6494,5620,ok,100000,100000,2
es6495,5621,ok,100000,100000,2
es6498,5622,ok,100009,100161,2
es6502,5623,ok,100000,100000,2
es6504,5624,ok,100000,100000,2
es6507,5625,ok,100528,124008,2
es6509,5626,ok,103707,135040,3
es6511,5627,ok,100000,100000,2
es6513,5628,ok,100042,233318,2
es6515,5629,ok,104999,105000,3
es6516,5630,ok,101431,278523,3
es6521,5631,ok,104085,119732,3
es6526,5632,ok,100879,280634,3
es6533,5633,ok,100000,100000,2
es6536,5634,ok,101928,240850,3
es6542,5635,ok,104943,105041,3
es6544,5636,ok,100326,260146,2
es6545,5637,ok,102075,172169,3
es6547,5638,ok,100000,100000,2
es6553,5639,ok,100403,373135,2
es6554,5640,ok,100000,100000,2
es6557,5641,ok,104837,106154,3
es6559,5642,ok,100000,100000,2
es6560,5643,ok,100283,305121,3
es6561,5644,ok,100000,100000,2
es6564,5645,ok,100000,100000,2
es6569,5646,ok,104754,106297,3
es6574,5647,ok,100000,100000,2
es6579,5648,ok,100576,296385,2
es6584,5649,ok,100306,125945,2
es6588,5650,ok,100000,100000,2
es6592,5651,ok,100622,129166,2
es6596,5652,ok,104907,105584,3
es6597,5653,ok,100954,281702,3
es6602,5654,ok,100000,100000,2
es6607,5655,ok,100315,244380,2
es6610,5656,ok,100000,100000,2
es6616,5657,ok,100000,100000,2
es6620,5658,ok,100249,136837,2
es6625,5659,ok,100000,100000,2
es6630,5660,ok,104467,114650,3
es6635,5661,ok,100000,100000,2
es6646,5662,ok,100000,100000,2
es6651,5663,ok,104743,109232,3
es6654,5664,ok,101210,377301,3
es6659,5665,ok,100024,104625,2
es6662,5666,ok,104999,105000,3
es6663,5667,ok,103929,131969,3
es6666,5668,ok,104944,105021,3
es6667,5669,ok,100000,100000,2
es6668,5670,ok,104999,105000,3
es6669,5671,ok,102907,146684,3
es6672,5672,ok,100068,100161,2
es6674,5673,ok,104872,105868,3
es6676,5674,ok,104732,106523,3
es6679,5675,ok,104694,109691,3
es6682,5676,ok,104964,105342,3
es6684,5677,ok,101943,237884,3
es6690,5678,ok,100000,100000,2
es6695,5679,ok,104708,108735,3
es6702,5680,ok,104999,105000,3
es6703,5681,ok,100024,100081,2
es6707,5682,ok,100220,279956,2
es6713,5683,ok,100002,100564,2
es6714,5684,ok,100577,125000,2
es6718,5685,ok,100000,100000,2
es6723,5686,ok,100231,258800,2
es6727,5687,ok,100000,100000,2
es6731,5688,ok,100000,100000,2
es6732,5689,ok,100000,100000,2
es6734,5690,ok,100612,290226,3
es6735,5691,ok,100000,100000,2
es6737,5692,ok,104999,105000,3
es6742,5693,ok,100666,210438,2
es6743,5694,ok,104989,105000,3
es6744,5695,ok,103461,147776,3
es6746,5696,ok,100348,121213,2
es6747,5697,ok,100000,100000,2
es6750,5698,ok,100398,228833,2
es6753,5699,ok,104995,105000,3
es6757,5700,ok,100639,204332,2
es6761,5701,ok,100000,100000,2
es6767,5702,ok,100031,106045,2
es6769,5703,ok,104993,105000,3
es6770,5704,ok,104952,105000,3
es6771,5705,ok,100003,100061,2
es6773,5706,ok,100615,305624,2
es6774,5707,ok,100053,376512,3
es6776,5708,ok,100000,100000,2
es6777,5709,ok,100016,146029,2
es6781,5710,ok,100000,100000,2
es6782,5711,ok,104886,105949,3
es6789,5712,ok,100000,100000,2
es6794,5713,ok,101505,230023,3
es6796,5714,ok,100000,100000,2
es6798,5715,ok,100000,100000,2
es6802,5716,ok,100000,100000,2
es6804,5717,ok,101320,286374,3
es6805,5718,ok,100000,100000,2
es6806,5719,ok,100000,100000,2
es6807,5720,ok,100899,175439,2
es6809,5721,ok,100109,100503,2
es6810,5722,ok,100000,100000,2
es6811,5723,ok,100070,104844,2
es6813,5724,ok,104850,105787,3
es6814,5725,ok,101887,232273,3
es6822,5726,ok,100260,125282,2
es6824,5727,ok,100853,138466,2
es6826,5728,ok,100000,100000,2
es6827,5729,ok,104999,105000,3
es6833,5730,ok,100241,120919,2
es6836,5731,ok,104041,127640,3
es6837,5732,ok,100000,100000,2
es6838,5733,ok,104997,105000,3
es6840,5734,ok,100000,100000,2
es6842,5735,ok,104728,106441,3
es6843,5736,ok,100000,100000,2
es6844,5737,ok,101486,338883,4
es6846,5738,ok,100000,100000,2
es6848,5739,ok,104438,115084,3
es6851,5740,ok,100350,311185,3
es6852,5741,ok,100001,102839,2
es6853,5742,ok,101389,353263,4
es6855,5743,ok,100007,100241,2
es6859,5744,ok,100000,100000,2
es6861,5745,ok,100486,253139,3
es6863,5746,ok,100697,225168,3
es6866,5747,ok,100207,106792,2
es6870,5748,ok,100052,100121,2
es6871,5749,ok,104713,109559,3
es6872,5750,ok,100181,267237,2
es6874,5751,ok,100014,100041,2
es6880,5752,ok,100000,100000,2
es6882,5753,ok,102488,192196,3
es6884,5754,ok,104997,105000,3
es6886,5755,ok,100000,100000,2
es6888,5756,ok,104927,105021,3
es6896,5757,ok,104999,105000,3
es6899,5758,ok,100000,100000,2
es6904,5759,ok,101347,268575,3
es6909,5760,ok,100000,100000,2
es6914,5761,ok,100139,108625,2
es6917,5762,ok,100222,183285,2
es6919,5763,ok,100000,100000,2
es6924,5764,ok,100000,100000,2
es6930,5765,ok,100285,150376,2
es6933,5766,ok,104955,105021,3
es6941,5767,ok,101558,331310,4
es6944,5768,ok,100000,100000,2
es6950,5769,ok,100107,257526,3
es6952,5770,ok,100000,100000,2
es6954,5771,ok,100000,100000,2
es6959,5772,ok,100000,100000,2
es6961,5773,ok,100127,102775,2
es6966,5774,ok,100000,100000,2
es6968,5775,ok,104986,105041,3
es6973,5776,ok,101587,313445,4
es6977,5777,ok,100340,213584,2
es6982,5778,ok,102176,192126,3
es6983,5779,ok,100054,100221,2
es6987,5780,ok,100000,100000,2
es6989,5781,ok,100000,100000,2
es6990,5782,ok,100000,100000,2
es6993,5783,ok,101692,285645,4
es6997,5784,ok,101423,182216,2
es6999,5785,ok,100000,100000,2
es7002,5786,ok,100000,100000,2
es7003,5787,ok,100000,100000,2
es7007,5788,ok,100633,135575,2
es7009,5789,ok,102472,174205,3
es7020,5790,ok,104790,106544,3
es7022,5791,ok,100000,100000,2
es7023,5792,ok,101472,341073,4
es7025,5793,ok,102065,168133,3
es7029,5794,ok,104999,105000,3
es7032,5795,ok,100000,100000,2
es7034,5796,ok,100952,249022,3
es7035,5797,ok,104986,105041,3
es7040,5798,ok,100000,100000,2
es7044,5799,ok,100000,100000,2
es7049,5800,ok,103866,131551,3
es7051,5801,ok,104996,105000,3
es7054,5802,ok,100000,100000,2
es7057,5803,ok,100468,178000,2
es7058,5804,ok,104934,105101,3
es7060,5805,ok,100076,139199,2
es7063,5806,ok,102325,196939,3
es7068,5807,ok,100159,104866,2
es7069,5808,ok,104868,105463,3
es7070,5809,ok,104994,105000,3
es7072,5810,ok,100045,100121,2
es7078,5811,ok,100121,105264,2
es7079,5812,ok,100586,138851,2
es7081,5813,ok,100030,101051,2
es7082,5814,ok,104976,105000,3
es7086,5815,ok,100000,100000,2
es7094,5816,ok,100062,360231,2
es7095,5817,ok,100000,100000,2
es7097,5818,ok,100016,100181,2
es7099,5819,ok,104999,105000,3
es7108,5820,ok,100000,100000,2
es7111,5821,ok,101908,233624,3
es7112,5822,ok,100000,100000,2
es7113,5823,ok,104902,105604,3
es7124,5824,ok,100951,289576,3
es7235,5825,ok,104828,106875,3
es5973,5826,ok,101181,335121,2
es5998,5827,ok,100000,100000,2
es6023,5828,ok,104827,106215,3
es6026,5829,ok,100000,100000,2
es6033,5830,ok,100000,100000,2
es6039,5831,ok,100000,100000,2
es6040,5832,ok,102241,221544,3
es6048,5833,ok,104999,105000,3
es6053,5834,ok,100000,100000,2
es6057,5835,ok,100098,110988,2
es6060,5836,ok,104783,109450,3
es6063,5837,ok,104404,114987,3
es6067,5838,ok,100000,100000,2
es6084,5839,ok,100026,100141,2
es6090,5840,ok,100062,100121,2
es6102,5841,ok,100042,100301,2
es6105,5842,ok,104999,105000,3
es6112,5843,ok,100057,118709,2
es6122,5844,ok,100000,100000,2
es6126,5845,ok,100245,122130,2
es6153,5846,ok,100000,100000,2
es6161,5847,ok,100013,100021,2
es6170,5848,ok,100634,173071,2
es6173,5849,ok,100048,100241,2
es6181,5850,ok,104982,105000,3
es6186,5851,ok,100094,109147,2
es6187,5852,ok,100108,112944,2
es6189,5853,ok,100090,123335,2
es6213,5854,ok,100000,100000,2
es6214,5855,ok,104954,105281,3
es6221,5856,ok,104654,106792,3
es6230,5857,ok,100000,100000,2
es6240,5858,ok,104995,105000,3
es6243,5859,ok,100831,146628,2
es6257,5860,ok,100000,100000,2
es6268,5861,ok,100000,100000,2
es6282,5862,ok,102487,181866,3
es6283,5863,ok,101507,270958,3
es6285,5864,ok,102081,217045,3
es6284,5865,ok,100110,211417,2
es6289,5866,ok,100000,100000,2
es6297,5867,ok,100000,100000,2
es6298,5868,ok,100000,100000,2
es6304,5869,ok,104999,105000,3
es6305,5870,ok,104680,106627,3
es6306,5871,ok,100070,285389,2
es6307,5872,ok,100000,100000,2
es6308,5873,ok,100000,100000,2
es6311,5874,ok,100000,100000,2
es6315,5875,ok,100000,100000,2
es6316,5876,ok,104938,105705,3
es6317,5877,ok,100007,101113,2
es6318,5878,ok,100000,100000,2
es6319,5879,ok,100241,112310,2
es6323,5880,ok,100000,100000,2
es6327,5881,ok,104782,106979,3
es6328,5882,ok,100124,106113,2
es6332,5883,ok,103954,128244,3
es6329,5884,ok,100000,100000,2
es6334,5885,ok,100000,100000,2
es6335,5886,ok,100000,100000,2
es6339,5887,ok,100000,100000,2
es6340,5888,ok,100757,171645,2
es6341,5889,ok,104150,112574,3
es6342,5890,ok,100019,100081,2
es6346,5891,ok,104999,105000,3
es6348,5892,ok,101754,244006,3
es6352,5893,ok,100000,100000,2
es6353,5894,ok,101376,330521,3
es6358,5895,ok,100067,105219,2
es6360,5896,ok,100787,117620,2
es6361,5897,ok,101531,262202,3
es6365,5898,ok,100795,187126,2
es6366,5899,ok,100000,100000,2
es6370,5900,ok,100000,100000,2
es6375,5901,ok,100000,100000,2
es6384,5902,ok,102298,168133,3
es6392,5903,ok,100084,106792,2
es6402,5904,ok,100000,100000,2
es6415,5905,ok,100043,109242,2
es6417,5906,ok,100005,106770,2
es6419,5907,ok,100282,338556,3
es6428,5908,ok,100180,237992,3
es6429,5909,ok,100021,100543,2
es6423,5910,ok,100027,100081,2
es6432,5911,ok,104741,106854,3
es6434,5912,ok,100000,100000,2
es6473,5913,ok,100000,100000,2
es6477,5914,ok,101183,270112,3
es6482,5915,ok,104069,127250,3
es6485,5916,ok,104799,109385,3
es6487,5917,ok,100037,100141,2
es6491,5918,ok,100118,106180,2
es6493,5919,ok,104996,105021,3
es6496,5920,ok,100000,100000,2
es6506,5921,ok,100687,150196,2
es6518,5922,ok,100340,295867,3
es6522,5923,ok,100000,100000,2
es6523,5924,ok,104801,107966,3
es6527,5925,ok,100127,123824,2
es6528,5926,ok,104997,105000,3
es6529,5927,ok,100000,100000,2
es6530,5928,ok,100597,135209,2
es6534,5929,ok,104999,105000,3
es6539,5930,ok,100187,102250,2
es6541,5931,ok,104999,105000,3
es6543,5932,ok,100000,100000,2
es6548,5933,ok,100000,100000,2
es6556,5934,ok,102867,159084,3
es6562,5935,ok,100000,100000,2
es6565,5936,ok,104795,105726,3
es6567,5937,ok,104748,105827,3
es6571,5938,ok,100909,287168,3
es6575,5939,ok,104997,105000,3
es6576,5940,ok,100000,100000,2
es6580,5941,ok,104954,105061,3
es6581,5942,ok,100226,110157,2
es6585,5943,ok,100059,100483,2
es6589,5944,ok,100059,402773,3
es6593,5945,ok,100036,100121,2
es6598,5946,ok,100107,133655,2
es6603,5947,ok,100298,105910,2
es6604,5948,ok,100594,263853,2
es6608,5949,ok,100000,100000,2
es6612,5950,ok,102175,207758,3
es6613,5951,ok,100094,648516,3
es6617,5952,ok,100026,100061,2
es6621,5953,ok,100000,100000,2
es6622,5954,ok,100000,100000,2
es6626,5955,ok,104789,106585,3
es6627,5956,ok,100118,103328,2
es6631,5957,ok,100000,100000,2
es6632,5958,ok,100000,100000,2
es6636,5959,ok,100000,100000,2
es6639,5960,ok,104998,105000,3
es6640,5961,ok,104686,107355,3
es6642,5962,ok,100298,274123,2
es6644,5963,ok,100000,100000,2
es6647,5964,ok,100000,100000,2
es6648,5965,ok,100000,100000,2
es6652,5966,ok,100033,100281,2
es6657,5967,ok,104255,122344,3
es6660,5968,ok,104999,105000,3
es6664,5969,ok,100403,108460,2
es6675,5970,ok,104991,105000,3
es6680,5971,ok,100000,100000,2
es6687,5972,ok,100000,100000,2
es6691,5973,ok,104950,105241,3
es6692,5974,ok,100022,388829,3
es6696,5975,ok,100139,113559,2
es6697,5976,ok,101202,180767,2
es6698,5977,ok,101934,221732,3
es6699,5978,ok,102867,167867,3
es6705,5979,ok,100065,109434,2
es6715,5980,ok,104795,107924,3
es6716,5981,ok,100082,164204,2
es6724,5982,ok,100275,211775,2
es6725,5983,ok,100000,100000,2
es6728,5984,ok,100096,102966,2
es6733,5985,ok,101055,308215,3
es6739,5986,ok,104998,105000,3
es6748,5987,ok,100000,100000,2
es6751,5988,ok,100961,276297,3
es6754,5989,ok,100171,112310,2
es6756,5990,ok,100047,108602,2
es6759,5991,ok,100069,100402,2
es6765,5992,ok,101081,281244,3
es6768,5993,ok,100081,253741,3
es6780,5994,ok,100565,506073,2
es6783,5995,ok,101132,166501,2
es6784,5996,ok,104999,105000,3
es6788,5997,ok,100596,144802,2
es6790,5998,ok,104999,105000,3
es6793,5999,ok,101360,245616,3
es6803,6000,ok,104846,106359,3
es6815,6001,ok,104375,118896,3
es6818,6002,ok,104803,105705,3
es6819,6003,ok,100000,100000,2
es6825,6004,ok,100000,100000,2
es6828,6005,ok,101758,282879,4
es6830,6006,ok,100005,108109,2
es6834,6007,ok,104676,108542,3
es6849,6008,ok,100410,113922,2
es6854,6009,ok,100133,118568,2
es6858,6010,ok,100000,100000,2
es6862,6011,ok,100187,119532,2
es6875,6012,ok,100000,100000,2
es6877,6013,ok,100000,100000,2
es6889,6014,ok,104998,105000,3
es6890,6015,ok,104965,105382,3
es6892,6016,ok,104777,108886,3
es6893,6017,ok,103884,132098,3
es6900,6018,ok,104747,107020,3
es6905,6019,ok,100665,138697,2
es6906,6020,ok,104999,105000,3
es6907,6021,ok,100068,117014,2
es6910,6022,ok,100109,115314,2
es6911,6023,ok,101295,355028,4
es6918,6024,ok,100458,195466,2
es6922,6025,ok,100000,100000,2
es6926,6026,ok,100452,249022,3
es6927,6027,ok,100098,302620,3
es6931,6028,ok,100000,100000,2
es6934,6029,ok,104286,116087,3
es6939,6030,ok,102112,204363,3
es6940,6031,ok,101395,288930,3
es6942,6032,ok,104193,121578,3
es6946,6033,ok,101718,190117,3
es6947,6034,ok,104377,118456,3
es6956,6035,ok,104938,105041,3
es6960,6036,ok,100010,102607,2
es6969,6037,ok,104765,109102,3
es6971,6038,ok,104998,105000,3
es6972,6039,ok,100000,100000,2
es6974,6040,ok,100056,109842,2
es6978,6041,ok,100046,102397,2
es6980,6042,ok,101415,210261,2
es6988,6043,ok,100495,116659,2
es6991,6044,ok,100268,143761,2
es6994,6045,ok,100000,100000,2
es6998,6046,ok,100156,103072,2
es7000,6047,ok,100291,110865,2
es7004,6048,ok,100053,102418,2
es7008,6049,ok,100000,100000,2
es7012,6050,ok,100000,100000,2
es7014,6051,ok,102074,209667,3
es7016,6052,ok,104996,105000,3
es7017,6053,ok,101254,325513,3
es7024,6054,ok,100000,100000,2
es7026,6055,ok,102013,189538,2
es7030,6056,ok,102493,192337,3
es7036,6057,ok,100136,105575,2
es7037,6058,ok,100243,141483,2
es7041,6059,ok,101285,258037,3
es7046,6060,ok,100032,106792,2
es7052,6061,ok,103355,147370,3
es7055,6062,ok,104959,105161,3
es7059,6063,ok,100365,250339,3
es7064,6064,ok,100000,100000,2
es7067,6065,ok,104988,105000,3
es7073,6066,ok,104950,105021,3
es7075,6067,ok,101180,302797,3
es7076,6068,ok,100000,100000,2
es7080,6069,ok,100000,100000,2
es7083,6070,ok,101855,215793,3
es7087,6071,ok,100000,100000,2
es7089,6072,ok,103963,122675,3
es7090,6073,ok,101955,215173,3
es7096,6074,ok,101635,294688,3
es7100,6075,ok,102505,197679,3
es7101,6076,ok,102234,208833,3
es7103,6077,ok,100730,298945,3
es7105,6078,ok,104927,105766,3
es7109,6079,ok,100000,100000,2
es7114,6080,ok,100413,128535,2
es7116,6081,ok,104991,105000,3
es7115,6082,ok,100016,100342,2
es7119,6083,ok,100104,105530,2
es7122,6084,ok,103592,137662,3
es7125,6085,ok,100018,101154,2
es7126,6086,ok,100424,160927,2
es7131,6087,ok,100838,177494,2
es7134,6088,ok,104754,109603,3
es7132,6089,ok,100000,100000,2
es7136,6090,ok,100029,100181,2
es7137,6091,ok,100042,100301,2
es7138,6092,ok,100019,100041,2
es7141,6093,ok,100100,230226,3
es7143,6094,ok,104997,105000,3
es7144,6095,ok,100603,155280,2
es7148,6096,ok,100000,100000,2
es7151,6097,ok,102438,194898,3
es7152,6098,ok,100668,116226,2
es7153,6099,ok,100065,106045,2
es7156,6100,ok,100000,100000,2
es7159,6101,ok,100000,100000,2
es7162,6102,ok,100085,268163,3
es7164,6103,ok,100000,100000,2
es7166,6104,ok,100198,276297,3
es7168,6105,ok,104999,105000,3
es7169,6106,ok,100000,100000,2
es7170,6107,ok,100557,147711,2
es7173,6108,ok,100207,107806,2
es7175,6109,ok,101677,209919,3
es7178,6110,ok,100001,100021,2
es7179,6111,ok,100117,139121,2
es7180,6112,ok,104787,106833,3
es7182,6113,ok,100035,100061,2
es7183,6114,ok,101387,324489,3
es7187,6115,ok,100000,100000,2
es7190,6116,ok,101604,217225,3
es7191,6117,ok,104952,105081,3
es7192,6118,ok,100000,100000,2
es7193,6119,ok,104684,109954,3
es7199,6120,ok,104926,105061,3
es7201,6121,ok,100000,100000,2
es7203,6122,ok,104911,105161,3
es7206,6123,ok,103456,139844,3
es7207,6124,ok,101139,292522,3
es7208,6125,ok,100000,100000,2
es7213,6126,ok,100000,100000,2
es7212,6127,ok,100813,221920,3
es7214,6128,ok,100000,100000,2
es7218,6129,ok,100215,110108,2
es7221,6130,ok,100483,136575,2
es7222,6131,ok,100000,100000,2
es7224,6132,ok,102691,186621,3
es7226,6133,ok,104995,105000,3
es7229,6134,ok,104869,106011,3
es7234,6135,ok,104996,105000,3
es7236,6136,ok,101300,252144,2
es7239,6137,ok,102057,221263,3
es7241,6138,ok,100018,100041,2
es7242,6139,ok,100000,100000,2
es7244,6140,ok,104765,108821,3
es7245,6141,ok,100000,100000,2
es7250,6142,ok,103817,122842,3
es7252,6143,ok,104978,105041,3
es7255,6144,ok,100000,100000,2
es7256,6145,ok,100000,100000,2
es7258,6146,ok,100033,100301,2
es7260,6147,ok,100128,160308,2
es7264,6148,ok,101638,208418,3
es7268,6149,ok,104972,105061,3
es7269,6150,ok,102346,166551,3
es7272,6151,ok,104999,105000,3
es7273,6152,ok,101462,322785,4
es7274,6153,ok,100000,100000,2
es7275,6154,ok,100000,100000,2
es7278,6155,ok,100000,100000,2
es7280,6156,ok,100000,100000,2
es7283,6157,ok,100000,100000,2
es7282,6158,ok,100000,100000,2
es7286,6159,ok,104999,105000,3
es7288,6160,ok,102938,159991,3
es7500,6161,ok,100994,146714,2
es7501,6162,ok,100025,100888,2
es7502,6163,ok,100303,231054,2
es7503,6164,ok,100155,104976,2
es7504,6165,ok,100117,108437,2
es7505,6166,ok,101265,240184,3
es7506,6167,ok,100151,130379,2
es7507,6168,ok,100590,180832,2
es7508,6169,ok,100046,105330,2
es7509,6170,ok,100697,262467,3
es7510,6171,ok,100517,271241,3
es7511,6172,ok,103472,142932,3
es7512,6173,ok,100976,176866,2
es7513,6174,ok,100302,109099,2
es7514,6175,ok,100372,112689,2
es7515,6176,ok,100595,207126,2
es7516,6177,ok,100676,153046,2
es7517,6178,ok,101328,216686,3
es7518,6179,ok,100318,269132,3
es7519,6180,ok,100267,149477,2
es7520,6181,ok,100776,200241,2
es7521,6182,ok,100278,106361,2
es7522,6183,ok,100013,205339,2
es7523,6184,ok,102010,215261,3
es7526,6185,ok,100005,100021,2
es7527,6186,ok,100000,100000,2
es7528,6187,ok,104991,105000,3
es7529,6188,ok,100758,314790,3
es7530,6189,ok,100388,113922,2
es7531,6190,ok,104940,105382,3
es7532,6191,ok,100097,111186,2
es7533,6192,ok,104999,105000,3
es7534,6193,ok,104328,115473,3
es7535,6194,ok,100041,123947,2
es7536,6195,ok,100605,155715,2
es7537,6196,ok,100000,100000,2
es7539,6197,ok,100566,285113,3
es7540,6198,ok,104236,117995,3
es7541,6199,ok,100420,266383,2
es7542,6200,ok,101569,193537,3
es7543,6201,ok,104999,105000,3
es7544,6202,ok,101954,197234,3
es7545,6203,ok,104510,110352,3
es7546,6204,ok,104828,105564,3
es7547,6205,ok,100612,149656,2
es7548,6206,ok,100406,125282,2
es7549,6207,ok,101581,281702,3
es7562,6208,ok,100345,203253,2
es7563,6209,ok,103934,123400,3
es7564,6210,ok,100334,199681,2
es7565,6211,ok,104069,122731,3
es7566,6212,ok,101220,286532,3
es7567,6213,ok,100407,296716,3
es7570,6214,ok,100443,107829,2
es7571,6215,ok,102751,168399,3
es7572,6216,ok,103410,146563,3
es7573,6217,ok,100795,318480,3
es7574,6218,ok,101191,300684,3
es7575,6219,ok,101350,218311,3
es7576,6220,ok,100205,143803,2
es7577,6221,ok,100058,116741,2
es7578,6222,ok,100106,102041,2
es7579,6223,ok,100302,126969,2
es7580,6224,ok,100054,125882,2
es7581,6225,ok,100203,185117,2
es7582,6226,ok,102807,171334,3
es7583,6227,ok,102571,195404,3
es7584,6228,ok,103611,136927,3
es7585,6229,ok,100431,115768,2
es7586,6230,ok,100258,108957,2
es7587,6231,ok,101086,333084,3
es7588,6232,ok,100906,317696,3
es7589,6233,ok,100000,100000,2
es7590,6234,ok,100000,100000,2
es7591,6235,ok,100000,100000,2
es7592,6236,ok,100000,100000,2
es7593,6237,ok,100000,100000,2
es7594,6238,ok,104461,107607,3
es7595,6239,ok,102384,170454,3
es7596,6240,ok,100000,100000,2
es7597,6241,ok,100252,103349,2
es7598,6242,ok,100000,100000,2
es7599,6243,ok,100000,100000,2
es7600,6244,ok,100000,100000,2
es7601,6245,ok,100000,100000,2
es7602,6246,ok,100000,100000,2
es7603,6247,ok,100000,100000,2
es7608,6248,ok,100136,231911,2
es7609,6249,ok,101379,257271,3
es7610,6250,ok,100246,161656,2
es7611,6251,ok,102805,157440,3
es7612,6252,ok,100521,215704,2
es7616,6253,ok,100068,125882,2
es7618,6254,ok,100898,305437,2
es7619,6255,ok,103637,134871,3
es7620,6256,ok,101978,257525,4
es7625,6257,ok,100776,143968,2
es7626,6258,ok,101355,195849,2
es7627,6259,ok,100360,271952,3
es7628,6260,ok,101028,176305,2
es7629,6261,ok,101473,238778,2
es7630,6262,ok,100012,200562,2
es7631,6263,ok,100554,189466,2
es7632,6264,ok,100083,241072,3
es7633,6265,ok,100524,185460,2
es7634,6266,ok,104999,105000,3
es7635,6267,ok,100974,157233,2
es7636,6268,ok,100901,188041,2
es7637,6269,ok,100076,100221,2
es7638,6270,ok,101491,315946,3
es7639,6271,ok,104996,105000,3
es7640,6272,ok,100417,127001,2
es7641,6273,ok,100215,126231,2
es7642,6274,ok,100400,155521,2
es7643,6275,ok,100448,302266,3
es7644,6276,ok,101248,202594,2
es7645,6277,ok,101658,175474,3
es7646,6278,ok,101826,277842,4
es7647,6279,ok,100526,247014,3
es7648,6280,ok,100430,126391,2
es7649,6281,ok,100100,237036,3
es7650,6282,ok,100000,100000,2
es7651,6283,ok,104848,105281,3
es7652,6284,ok,100048,130651,2
es7653,6285,ok,100216,269132,3
es7654,6286,ok,100079,100241,2
es7655,6287,ok,100000,100000,2
es7656,6288,ok,100015,100061,2
es7657,6289,ok,100733,281855,3
es7658,6290,ok,101015,146071,2
es7659,6291,ok,103771,137486,3
es7660,6292,ok,100420,315560,3
es7661,6293,ok,101436,247955,3
es7662,6294,ok,101125,297912,3
es7663,6295,ok,104712,110020,3
es7664,6296,ok,100066,108673,2
es7665,6297,ok,101597,317984,4
es7666,6298,ok,100028,128734,2
es7667,6299,ok,100100,109842,2
es7668,6300,ok,100013,102271,2
es7669,6301,ok,100024,103242,2
es7670,6302,ok,100092,133798,2
es7671,6303,ok,102093,206939,3
es7672,6304,ok,100352,169435,2
es7673,6305,ok,100234,275710,3
es7674,6306,ok,100134,167449,2
es7675,6307,ok,100360,175132,2
es7676,6308,ok,100135,162973,2
es7677,6309,ok,103559,142817,3
es7678,6310,ok,101038,252271,2
es7679,6311,ok,101386,306205,3
es7680,6312,ok,100282,341764,2
es7681,6313,ok,100242,122250,2
es7682,6314,ok,100040,118878,2
es7683,6315,ok,100026,103477,2
es7684,6316,ok,104733,109406,3
es7685,6317,ok,100060,101854,2
es7686,6318,ok,100077,107320,2
es7687,6319,ok,100809,227067,2
es7688,6320,ok,100312,139822,2
es7689,6321,ok,104995,105000,3
es7690,6322,ok,100786,151700,2
es7691,6323,ok,100085,140687,2
es7692,6324,ok,100879,181951,2
es7693,6325,ok,101198,180963,2
es7694,6326,ok,100079,133548,2
es7695,6327,ok,100962,301560,3
es7696,6328,ok,100000,10004103,7
es7697,6329,ok,100011,111062,2
es7698,6330,ok,100053,6585008,5
es7699,6331,ok,104998,105000,3
es7700,6332,ok,100003,18158753,12
es7701,6333,ok,100011,21981101,12
es7702,6334,ok,100042,9494668,8
es7703,6335,ok,100048,100161,2
es7704,6336,ok,104978,105000,3
es7705,6337,ok,104999,105000,3
es7706,6338,ok,100011,107297,2
es7707,6339,ok,104930,105382,3
es7708,6340,ok,102331,170563,3
es7709,6341,ok,102728,171612,3
es7710,6342,ok,103305,136753,3
es7711,6343,ok,100027,4384237,4
es7712,6344,ok,100028,664568,3
es7713,6345,ok,100254,1532372,4
es7714,6346,ok,100140,3688714,3
es7715,6347,ok,100253,1621242,4
es7716,6348,ok,100014,2025966,3
es7717,6349,ok,100053,794713,3
es7718,6350,ok,104999,105000,3
es7719,6351,ok,104293,116583,3
es7720,6352,ok,104993,105000,3
es7721,6353,ok,104999,105000,3
es7722,6354,ok,104638,110619,3
es7723,6355,ok,102755,147858,3
es7724,6356,ok,101873,199326,3
es7725,6357,ok,101713,225734,2
es7726,6358,ok,100214,214225,2
es7727,6359,ok,100000,100000,2
es7728,6360,ok,104976,105261,3
es7729,6361,ok,104435,110375,3
es7730,6362,ok,100000,100000,2
es7731,6363,ok,100000,100000,2
es7732,6364,ok,100000,100000,2
es7733,6365,ok,100000,100000,2
es7734,6366,ok,100000,100000,2
es7735,6367,ok,100000,100000,2
es7736,6368,ok,104990,105041,3
es7737,6369,ok,104910,105503,3
es7738,6370,ok,100000,100000,2
es7739,6371,ok,104811,106133,3
es7740,6372,ok,104828,106441,3
es7741,6373,ok,104874,106359,3
es7742,6374,ok,104093,114004,3
es7743,6375,ok,104070,122925,3
es7744,6376,ok,100276,244349,3
es7745,6377,ok,102228,215882,3
es7746,6378,ok,100051,133369,2
es7747,6379,ok,100397,115208,2
es7748,6380,ok,104987,105041,3
es7749,6381,ok,100607,143720,2
es7750,6382,ok,100030,118963,2
es7751,6383,ok,104743,107000,3
es7752,6384,ok,100042,122640,2
es7753,6385,ok,100369,111732,2
es7754,6386,ok,100000,119790,2
es7755,6387,ok,103710,130660,3
es7756,6388,ok,101041,197785,2
es7757,6389,ok,101667,305620,4
es7758,6390,ok,104387,115742,3
es7759,6391,ok,100000,100000,2
es7760,6392,ok,101408,302974,3
es7761,6393,ok,101145,305301,3
es7762,6394,ok,100409,266370,3
es7763,6395,ok,101279,308952,3
es7764,6396,ok,100237,215085,3
es7765,6397,ok,100499,274979,3
es7766,6398,ok,101797,280353,4
es7767,6399,ok,101234,181160,2
es7768,6400,ok,100587,263532,3
es7769,6401,ok,100442,231450,3
es7770,6402,ok,104894,105442,3
es7771,6403,ok,100174,148545,2
es7772,6404,ok,103782,131872,3
es7773,6405,ok,104958,105021,3
es7774,6406,ok,100132,103349,2
es7775,6407,ok,100770,236375,3
es7776,6408,ok,100544,231804,2
es7777,6409,ok,101668,294010,4
es7778,6410,ok,103559,141987,3
es7779,6411,ok,101372,168748,2
es7780,6412,ok,100536,141965,2
es7781,6413,ok,100167,278823,3
es7782,6414,ok,101534,222322,2
es7783,6415,ok,100478,304581,3
es7784,6416,ok,102984,165052,3
es7785,6417,ok,100260,250942,3
es7786,6418,ok,100718,314215,3
es7787,6419,ok,100591,284330,3
es7788,6420,ok,100008,100021,2
es7789,6421,ok,101184,212040,3
es7790,6422,ok,100792,140885,2
es7791,6423,ok,100794,314982,3
es7792,6424,ok,100692,160308,2
es7793,6425,ok,100286,110522,2
es7794,6426,ok,100296,262467,3
es7795,6427,ok,100037,100141,2
es7796,6428,ok,100000,100000,2
es7797,6429,ok,104959,105564,3
es7798,6430,ok,100160,105375,2
es7799,6431,ok,102359,208170,3
es7800,6432,ok,104999,105000,3
es7801,6433,ok,104833,106051,3
es7802,6434,ok,100235,109099,2
es7803,6435,ok,100021,272747,3
es7804,6436,ok,100000,100000,2
es7805,6437,ok,104816,107945,3
es7806,6438,ok,104731,110686,3
es7807,6439,ok,100100,100241,2
es7808,6440,ok,100107,105020,2
es7809,6441,ok,100892,143720,2
es7810,6442,ok,104999,105000,3
es7813,6443,ok,100735,279424,3
es7814,6444,ok,100147,206016,2
es7815,6445,ok,101091,240627,3
es7816,6446,ok,100176,179704,3
es7817,6447,ok,100037,100442,2
es7818,6448,ok,100668,208074,2
es7819,6449,ok,102823,175999,3
es7820,6450,ok,100090,105575,2
es7821,6451,ok,101577,243310,2
es7822,6452,ok,104445,114004,3
es7823,6453,ok,102081,208418,3
es7824,6454,ok,101263,309322,3
es7825,6455,ok,101627,301940,4
es7826,6456,ok,100701,308399,3
es7827,6457,ok,100828,146973,2
es7828,6458,ok,100167,139665,2
es7829,6459,ok,100612,257144,3
es7830,6460,ok,101648,308330,4
es7831,6461,ok,102479,178251,3
es7832,6462,ok,102325,175184,3
es7833,6463,ok,100477,233103,3
es7834,6464,ok,100512,130345,2
es7835,6465,ok,100954,269691,3
es7836,6466,ok,100094,104888,2
es7837,6467,ok,100364,124969,2
es7838,6468,ok,100254,104450,2
es7839,6469,ok,101768,184084,3
es7840,6470,ok,100834,277332,3
es7841,6471,ok,100016,117842,2
es7842,6472,ok,100014,118794,2
es7843,6473,ok,100126,144301,2
es7844,6474,ok,100000,100000,2
es7845,6475,ok,100687,136613,2
es7846,6476,ok,104990,105000,3
es7847,6477,ok,104869,106236,3
es7848,6478,ok,102525,189912,3
es7849,6479,ok,101335,229518,3
es7850,6480,ok,100207,148149,2
es7851,6481,ok,102251,209835,3
es7852,6482,ok,104950,105807,3
es7853,6483,ok,100454,224684,3
es7854,6484,ok,100013,237042,3
es7855,6485,ok,104715,106400,3
es7856,6486,ok,100652,261542,3
es7857,6487,ok,101353,270112,3
es7858,6488,ok,100915,262070,3
es7859,6489,ok,103432,123260,3
es7860,6490,ok,100646,215261,3
es7861,6491,ok,101136,269271,3
es7862,6492,ok,102058,245180,4
es7863,6493,ok,100000,100000,2
es7864,6494,ok,102326,216710,4
es7865,6495,ok,100217,249380,3
es7866,6496,ok,100011,100021,2
es7867,6497,ok,100958,260755,3
es7868,6498,ok,100549,241663,2
es7869,6499,ok,101921,251427,3
es7870,6500,ok,100064,145223,2
es7871,6501,ok,100223,246670,2
es7872,6502,ok,102717,167920,3
es7873,6503,ok,100058,169034,2
es7874,6504,ok,101742,220890,3
es7875,6505,ok,100405,236054,3
es7876,6506,ok,100423,185392,2
es7877,6507,ok,100226,162761,2
es7878,6508,ok,100103,135612,2
es7879,6509,ok,100602,160463,2
es7880,6510,ok,101666,311112,4
es7881,6511,ok,100526,306561,2
es7882,6512,ok,100391,198020,2
es7883,6513,ok,104043,123372,3
es7885,6514,ok,100245,103585,2
es7886,6515,ok,104802,105685,3
es7887,6516,ok,100579,296037,3
es7888,6517,ok,100320,104102,2
es7889,6518,ok,100004,248753,3
es7890,6519,ok,100520,229569,2
es7891,6520,ok,101578,276003,3
es7892,6521,ok,100741,187970,2
es7893,6522,ok,100472,253263,3
es7894,6523,ok,100331,264068,3
es7895,6524,ok,101801,250580,3
es7896,6525,ok,100005,313503,3
es7897,6526,ok,104998,105000,3
es7898,6527,ok,102472,310946,2
es7899,6528,ok,101754,211775,2
es7900,6529,ok,102005,242530,3
es7901,6530,ok,100215,109218,2
es7902,6531,ok,100747,305251,2
es7903,6532,ok,100053,305251,2
es7904,6533,ok,100000,100000,2
es7905,6534,ok,100000,100000,2
es7906,6535,ok,100311,109506,2
es7907,6536,ok,100000,100000,2
es7908,6537,ok,104735,106709,3
es7909,6538,ok,103986,131423,3
es7910,6539,ok,102224,158563,3
es7911,6540,ok,100095,197308,3
es7912,6541,ok,100163,114522,2
es7913,6542,ok,100660,268962,2
es7914,6543,ok,101572,193537,3
es7915,6544,ok,101770,277900,4
es7916,6545,ok,102660,177951,3
es7917,6546,ok,100549,264741,3
es7918,6547,ok,100402,269831,3
es7919,6548,ok,100080,102334,2
es7920,6549,ok,102600,263020,2
es7921,6550,ok,100322,245270,3
es7922,6551,ok,101689,207266,3
es7923,6552,ok,101580,270112,3
es7924,6553,ok,101976,251306,3
es7925,6554,ok,100281,228833,2
es7926,6555,ok,100287,281396,3
es7927,6556,ok,101786,288089,4
es7928,6557,ok,101540,290226,3
es7929,6558,ok,101012,221826,3
es7930,6559,ok,101555,246313,3
es7931,6560,ok,101076,272237,3
es7932,6561,ok,100289,109794,2
es7933,6562,ok,100127,105553,2
es7934,6563,ok,100830,251763,2
es7935,6564,ok,104330,119969,3
es7936,6565,ok,101525,306516,4
es7937,6566,ok,100175,134953,2
es7938,6567,ok,102752,161642,3
es7939,6568,ok,100778,252403,3
es7940,6569,ok,102610,165824,3
es7941,6570,ok,101054,303152,3
es7942,6571,ok,100009,185323,2
es7943,6572,ok,100274,108507,2
es7944,6573,ok,101895,235309,3
es7945,6574,ok,100598,259337,2
es7946,6575,ok,101317,281396,3
es7947,6576,ok,100408,226040,2
es7948,6577,ok,100439,119962,2
es7949,6578,ok,100139,163239,2
es7950,6579,ok,104956,105041,3
es7951,6580,ok,100257,121892,2
es7952,6581,ok,100408,123002,2
es7953,6582,ok,100228,121301,2
es7954,6583,ok,100714,146413,2
es7955,6584,ok,104346,116309,3
es7956,6585,ok,101368,200401,2
es7957,6586,ok,101299,288287,3
es7958,6587,ok,101825,286950,4
es7959,6588,ok,100202,106519,2
es7960,6589,ok,101360,248428,3
es7961,6590,ok,100006,100181,2
es7962,6591,ok,100218,126936,2
es7963,6592,ok,100370,107274,2
es7964,6593,ok,100524,124689,2
es7965,6594,ok,101039,213682,3
es7966,6595,ok,102237,185571,3
es7967,6596,ok,100005,100041,2
es7968,6597,ok,100802,133512,2
es7969,6598,ok,100011,100181,2
es7970,6599,ok,100072,110473,2
es7971,6600,ok,104468,115816,3
es7972,6601,ok,101432,227718,3
es7973,6602,ok,100724,257526,3
es7974,6603,ok,102076,189707,3
es7975,6604,ok,100073,103030,2
es7976,6605,ok,100362,118991,2
es7977,6606,ok,100190,103929,2
es7978,6607,ok,100140,102187,2
es7979,6608,ok,100409,138967,2
es7980,6609,ok,100801,242192,3
es7981,6610,ok,100899,213769,3
es7982,6611,ok,100317,125377,2
es7983,6612,ok,100333,218628,2
es7984,6613,ok,101924,199522,2
es7985,6614,ok,101311,288126,3
es7986,6615,ok,100611,139626,2
es7987,6616,ok,100599,285113,3
es7988,6617,ok,104569,111225,3
es7989,6618,ok,104260,118766,3
es7990,6619,ok,102010,200237,3
es7991,6620,ok,101611,253881,3
es7992,6621,ok,101753,259606,2
es7993,6622,ok,103833,121878,3
es7994,6623,ok,101977,192056,3
es7995,6624,ok,100385,229569,2
es7996,6625,ok,102069,213595,3
es7997,6626,ok,101013,212728,3
es7998,6627,ok,102202,173862,3
es7999,6628,ok,100085,110841,2
es8000,6629,ok,101841,247837,3
es8001,6630,ok,100221,122851,2
es8002,6631,ok,100841,205241,3
es8003,6632,ok,100018,122489,2
es8004,6633,ok,100526,213334,3
es8005,6634,ok,100166,120049,2
es8006,6635,ok,100013,273973,2
es8007,6636,ok,101590,259324,3
es8008,6637,ok,101518,295024,3
es8009,6638,ok,100000,100000,2
es8010,6639,ok,100130,114130,2
es8011,6640,ok,100147,115607,2
es8012,6641,ok,104649,112182,3
es8013,6642,ok,100383,108460,2
es8014,6643,ok,103645,129938,3
es8015,6644,ok,100000,100000,2
es8016,6645,ok,100439,164204,2
es8017,6646,ok,100251,115075,2
es8018,6647,ok,104277,121118,3
es8019,6648,ok,104968,105021,3
es8020,6649,ok,100357,107945,2
es8021,6650,ok,103229,137241,3
es8022,6651,ok,101245,230023,3
es8023,6652,ok,100099,265475,3
es8024,6653,ok,100060,103242,2
es8025,6654,ok,100040,100564,2
es8026,6655,ok,100759,298945,3
es8027,6656,ok,100091,102860,2
es8028,6657,ok,100077,103285,2
es8029,6658,ok,101679,204124,3
es8030,6659,ok,101356,148721,2
es8031,6660,ok,100237,107090,2
es8032,6661,ok,100744,236911,3
es8058,6662,ok,100023,131892,2
es8059,6663,ok,100243,201127,2
es8060,6664,ok,100758,116496,2
es8061,6665,ok,100327,232480,3
es8062,6666,ok,101601,307959,4
es8063,6667,ok,100229,124039,2
es8064,6668,ok,100079,148017,2
es8065,6669,ok,100876,265675,2
es8066,6670,ok,100000,100000,2
es8067,6671,ok,100042,103670,2
es8068,6672,ok,100185,262330,2
es8069,6673,ok,100949,404681,3
es8070,6674,ok,101662,308229,4
es8071,6675,ok,100200,102041,2
es8072,6676,ok,100837,748503,2
es8073,6677,ok,100104,329381,2
es8074,6678,ok,101711,282486,2
es8075,6679,ok,101038,476479,4
es8076,6680,ok,100340,126327,2
es8077,6681,ok,100448,112969,2
es8078,6682,ok,104675,110597,3
es8079,6683,ok,100064,174704,2
es8080,6684,ok,103804,130977,3
es8081,6685,ok,100662,230429,3
es8082,6686,ok,100175,103136,2
es8083,6687,ok,100015,282684,3
es8084,6688,ok,102815,161740,3
es8085,6689,ok,100155,104276,2
es8086,6690,ok,104327,117360,3
es8087,6691,ok,100234,115367,2
es8088,6692,ok,100221,110278,2
es8089,6693,ok,100042,102712,2
es8090,6694,ok,100972,234464,3
es8091,6695,ok,100008,100705,2
es8092,6696,ok,104572,111293,3
es8093,6697,ok,100563,226239,3
es8094,6698,ok,100502,215147,2
es8095,6699,ok,100661,281691,2
es8096,6700,ok,102980,137803,3
es8097,6701,ok,100436,278523,3
es8098,6702,ok,101256,257526,3
es8099,6703,ok,104960,105221,3
es8100,6704,ok,100928,135355,2
es8101,6705,ok,100065,109314,2
es8102,6706,ok,100056,341248,3
es8103,6707,ok,100149,115447,2
es8104,6708,ok,101052,135245,2
es8105,6709,ok,104747,109713,3
es8106,6710,ok,100289,123427,2
es8107,6711,ok,102011,174091,3
es8108,6712,ok,100874,172058,2
es8109,6713,ok,100318,202785,3
es8110,6714,ok,100000,100000,2
es8111,6715,ok,100032,309567,3
es8112,6716,ok,100015,100261,2
es8113,6717,ok,100000,100000,2
es8114,6718,ok,100000,100000,2
es8115,6719,ok,104948,105888,3
es8116,6720,ok,100000,100000,2
es8117,6721,ok,100000,100000,2
es8118,6722,ok,100395,113328,2
es8119,6723,ok,100000,100000,2
es8120,6724,ok,100035,105043,2
es8121,6725,ok,100053,111161,2
es8122,6726,ok,100807,123457,2
es8123,6727,ok,100000,100000,2
es8124,6728,ok,100964,181555,2
es8125,6729,ok,104991,105021,3
es8126,6730,ok,100000,100000,2
es8127,6731,ok,100000,100000,2
es8128,6732,ok,104974,105000,3
es8129,6733,ok,100000,100000,2
es8130,6734,ok,100000,100000,2
es8131,6735,ok,104930,105081,3
es8132,6736,ok,104794,105503,3
es8133,6737,ok,104999,105000,3
es8134,6738,ok,100000,100000,2
es8135,6739,ok,104798,105342,3
es8136,6740,ok,100000,100000,2
es8137,6741,ok,100000,100000,2
es8138,6742,ok,104988,105000,3
es8139,6743,ok,100000,100000,2
es8140,6744,ok,104995,105000,3
es8141,6745,ok,100000,100000,2
es8142,6746,ok,100090,106203,2
es8143,6747,ok,100000,100000,2
es8144,6748,ok,104829,105301,3
es8145,6749,ok,100000,100000,2
es8146,6750,ok,103214,154121,3
es8147,6751,ok,104819,105322,3
es8148,6752,ok,101272,258293,3
es8149,6753,ok,104951,105000,3
es8150,6754,ok,100547,267468,3
es8151,6755,ok,104919,105000,3
es8152,6756,ok,104941,105000,3
es8153,6757,ok,102442,167180,3
es8154,6758,ok,100000,100000,2
es8155,6759,ok,104960,105261,3
es8156,6760,ok,100275,109554,2
es8157,6761,ok,100044,158580,2
es8158,6762,ok,104992,105000,3
es8159,6763,ok,100906,131961,2
es8160,6764,ok,100268,128966,2
es8161,6765,ok,100491,278374,3
es8162,6766,ok,100000,100000,2
es8163,6767,ok,104679,108886,3
es8164,6768,ok,100648,204522,3
es8165,6769,ok,100427,116960,2
es8166,6770,ok,101819,188756,3
es8167,6771,ok,101584,249978,3
es8168,6772,ok,100036,272523,3
es8169,6773,ok,100029,254609,3
es8170,6774,ok,100065,129871,2
es8171,6775,ok,100246,107412,2
es8172,6776,ok,102930,169528,3
es8173,6777,ok,102294,174665,3
es8174,6778,ok,100169,113405,2
es8175,6779,ok,100023,112537,2
es8176,6780,ok,100014,100041,2
es8177,6781,ok,100000,100000,2
es8178,6782,ok,104943,105342,3
es8179,6783,ok,104275,112228,3
es8180,6784,ok,100934,182017,2
es8181,6785,ok,100318,298686,2
es8182,6786,ok,100395,259471,2
es8183,6787,ok,100381,281091,3
es8184,6788,ok,104232,120367,3
es8185,6789,ok,104456,115327,3
es8186,6790,ok,103228,149134,3
es8187,6791,ok,104999,105000,3
es8188,6792,ok,100026,100061,2
es8189,6793,ok,100018,257444,3
es8193,6794,ok,100909,244499,2
es8194,6795,ok,104918,106647,3
es8195,6796,ok,100000,100000,2
es8196,6797,ok,104884,105161,3
es8197,6798,ok,104978,105000,3
es8198,6799,ok,102026,176468,3
es8199,6800,ok,102280,227718,3
es8200,6801,ok,104884,105041,3
es8201,6802,ok,100003,167561,2
es8202,6803,ok,100261,105642,2
es8203,6804,ok,104996,105000,3
es8204,6805,ok,100919,174642,2
es8205,6806,ok,100000,100000,2
es8206,6807,ok,100000,100000,2
es8207,6808,ok,104999,105000,3
es8208,6809,ok,100000,100000,2
es8209,6810,ok,100000,100000,2
es8210,6811,ok,100000,100000,2
es8211,6812,ok,100000,100000,2
es8212,6813,ok,100000,100000,2
es8213,6814,ok,104996,105000,3
es8214,6815,ok,104947,105041,3
es8215,6816,ok,100000,100000,2
es8216,6817,ok,100000,100000,2
es8217,6818,ok,100000,100000,2
es8218,6819,ok,101529,183190,3
es8219,6820,ok,100000,100000,2
es8220,6821,ok,101123,219501,3
es8221,6822,ok,100000,100000,2
es8222,6823,ok,101833,272410,4
es8223,6824,ok,100000,100000,2
es8224,6825,ok,101603,193574,2
es8225,6826,ok,104802,106154,3
es8226,6827,ok,100073,104647,2
es8227,6828,ok,103236,145608,3
es8228,6829,ok,104999,105000,3
es8229,6830,ok,102410,176058,3
es8230,6831,ok,100011,295002,3
es8231,6832,ok,101079,250219,3
es8232,6833,ok,100000,100201,2
es8233,6834,ok,104918,105362,3
es8234,6835,ok,100148,105242,2
es8235,6836,ok,104708,107208,3
es8236,6837,ok,104999,105000,3
es8237,6838,ok,104957,105021,3
es8238,6839,ok,100000,100000,2
es8239,6840,ok,100031,294904,3
es8240,6841,ok,101277,167225,2
es8241,6842,ok,104975,105000,3
es8242,6843,ok,100000,100000,2
es8243,6844,ok,100000,100000,2
es8244,6845,ok,100000,100000,2
es8245,6846,ok,100000,100000,2
es8246,6847,ok,100518,145688,2
es8247,6848,ok,100000,100000,2
es8248,6849,ok,100000,100000,2
es8249,6850,ok,104714,106215,3
es8250,6851,ok,100000,100000,2
es8251,6852,ok,100000,100000,2
es8252,6853,ok,100000,100041,2
es8253,6854,ok,100000,100000,2
es8254,6855,ok,100000,100000,2
es8255,6856,ok,100000,100000,2
es8256,6857,ok,104236,121960,3
es8257,6858,ok,104611,109472,3
es8258,6859,ok,104969,105161,3
es8259,6860,ok,104775,105705,3
es8260,6861,ok,104999,105000,3
es8261,6862,ok,100065,111359,2
es8262,6863,ok,104612,110508,3
es8263,6864,ok,104826,106092,3
es8264,6865,ok,103265,156012,3
es8265,6866,ok,100331,116741,2
es8266,6867,ok,101311,172295,2
es8267,6868,ok,101046,157679,2
es8268,6869,ok,104999,105000,3
es8269,6870,ok,100996,313072,3
es8270,6871,ok,101432,312693,3
es8271,6872,ok,100282,270393,3
es8272,6873,ok,104999,105000,3
es8273,6874,ok,100813,290226,3
es8274,6875,ok,101622,244235,3
es8275,6876,ok,100054,284330,3
es8276,6877,ok,104996,105000,3
es8277,6878,ok,100110,111682,2
es8278,6879,ok,101301,152952,2
es8279,6880,ok,100037,289856,2
es8280,6881,ok,104997,105000,3
es8281,6882,ok,102012,228814,3
es8282,6883,ok,100207,254066,2
es8283,6884,ok,100072,295509,2
es8284,6885,ok,100000,100000,2
es8285,6886,ok,101327,200321,2
es8286,6887,ok,102189,205081,3
es8287,6888,ok,103530,138298,3
es8288,6889,ok,104932,105382,3
es8289,6890,ok,100000,100000,2
es8290,6891,ok,100000,100000,2
es8291,6892,ok,104992,105000,3
es8292,6893,ok,100000,100000,2
es8293,6894,ok,100000,100000,2
es8294,6895,ok,100000,100000,2
es8295,6896,ok,100280,130788,2
es8296,6897,ok,100033,109362,2
es8297,6898,ok,100326,121360,2
es8298,6899,ok,100746,303330,3
es8299,6900,ok,104426,116161,3
es8300,6901,ok,103883,133601,3
es8301,6902,ok,103734,139481,3
es8302,6903,ok,101033,163881,2
es8303,6904,ok,100345,215332,2
es8304,6905,ok,100746,303330,3
es8305,6906,ok,104544,111203,3
es8306,6907,ok,100389,128701,2
es8307,6908,ok,101175,165509,2
es8308,6909,ok,100360,143431,2
es8309,6910,ok,100065,114890,2
es8310,6911,ok,102007,235097,3
es8311,6912,ok,103490,147898,3
es8312,6913,ok,101249,188183,2
es8313,6914,ok,103401,137732,3
es8314,6915,ok,101664,301431,4
es8315,6916,ok,104604,106937,3
es8316,6917,ok,100127,295351,3
es8317,6918,ok,104267,118097,3
es8318,6919,ok,104008,125222,3
es8319,6920,ok,103429,139229,3
es8320,6921,ok,100036,295992,3
es8321,6922,ok,100127,295351,3
es8322,6923,ok,100293,176057,2
es8323,6924,ok,100630,172355,2
es8324,6925,ok,100049,295386,3
es8325,6926,ok,100215,105419,2
es8326,6927,ok,100009,310491,3
es8327,6928,ok,100088,104559,2
es8328,6929,ok,100086,115929,2
es8329,6930,ok,100055,163453,2
es8330,6931,ok,100020,108015,2
es8331,6932,ok,100715,115983,2
es8332,6933,ok,104792,107187,3
es8333,6934,ok,100313,137024,2
es8334,6935,ok,101731,190874,3
es8335,6936,ok,100099,112816,2
es8374,6937,ok,100300,152626,2
es8375,6938,ok,103510,138512,3
es8376,6939,ok,100010,103864,2
es8377,6940,ok,100565,156937,2
es8378,6941,ok,100597,139939,2
es8379,6942,ok,100327,308583,3
es8380,6943,ok,100020,100041,2
es8381,6944,ok,100019,100201,2
es8382,6945,ok,104999,105000,3
es8383,6946,ok,101701,295972,4
es8384,6947,ok,100036,264301,3
es8385,6948,ok,101107,150603,2
es8386,6949,ok,101993,207184,3
es8387,6950,ok,101679,307048,4
es8388,6951,ok,100123,165235,2
es8389,6952,ok,103652,139699,3
es8390,6953,ok,101062,306569,3
es8391,6954,ok,100356,107992,2
es8392,6955,ok,104365,116807,3
es8393,6956,ok,100548,238436,2
es8394,6957,ok,100617,167225,2
es8395,6958,ok,101114,195849,2
es8396,6959,ok,101112,222676,3
es8397,6960,ok,102047,252047,4
es8398,6961,ok,100051,103994,2
es8399,6962,ok,100010,100021,2
es8400,6963,ok,104937,105041,3
es8401,6964,ok,104999,105000,3
es8402,6965,ok,100000,100000,2
es8403,6966,ok,104671,107083,3
es8404,6967,ok,104251,121551,3
es8405,6968,ok,104807,105766,3
es8406,6969,ok,100307,113766,2
es8412,6970,ok,100256,107090,2
es8413,6971,ok,104989,105000,3
es8414,6972,ok,100000,100000,2
es8415,6973,ok,100000,100000,2
es8416,6974,ok,100000,100000,2
es8417,6975,ok,100000,100000,2
es8418,6976,ok,100006,100021,2
es8419,6977,ok,100695,273818,3
es8420,6978,ok,101932,190042,2
es8421,6979,ok,100658,299812,3
es8422,6980,ok,100838,192902,2
es8423,6981,ok,101143,187759,2
es8424,6982,ok,101459,284956,3
es8425,6983,ok,103841,133800,3
es8426,6984,ok,101282,299118,3
es8427,6985,ok,100021,104800,2
es8428,6986,ok,100519,141724,2
es8429,6987,ok,100870,231375,2
es8430,6988,ok,100901,278225,3
es8431,6989,ok,104998,105000,3
es8432,6990,ok,104998,105000,3
es8433,6991,ok,102811,169204,3
es8434,6992,ok,100404,118907,2
es8435,6993,ok,103716,127310,3
es8436,6994,ok,103207,149467,3
es8437,6995,ok,101476,274688,3
es8438,6996,ok,101647,302483,4
es8439,6997,ok,101469,271241,3
es8440,6998,ok,100311,169377,2
es8441,6999,ok,101630,302154,4
es8442,7000,ok,100611,286849,3
es8443,7001,ok,100615,284018,3
es8444,7002,ok,100195,129635,2
es8445,7003,ok,104672,110798,3
es8446,7004,ok,104769,109124,3
es8447,7005,ok,100157,116361,2
es8448,7006,ok,100423,223314,2
es8449,7007,ok,101701,302600,4
es8450,7008,ok,101005,281855,3
es8451,7009,ok,103082,158610,3
es8452,7010,ok,101666,301385,4
es8453,7011,ok,100367,288769,3
es8454,7012,ok,101731,293128,4
es8455,7013,ok,103957,124048,3
es8456,7014,ok,100318,137363,2
es8457,7015,ok,103515,137241,3
es8458,7016,ok,102832,176763,3
es8459,7017,ok,100446,156789,2
es8460,7018,ok,101636,306603,4
es8461,7019,ok,100341,109891,2
es8462,7020,ok,100094,128734,2
es8463,7021,ok,101209,250099,3
es8464,7022,ok,100173,121833,2
es8465,7023,ok,100978,154895,2
es8466,7024,ok,100550,130040,2
es8467,7025,ok,104291,117234,3
es8468,7026,ok,100312,126936,2
es8469,7027,ok,100141,126647,2
es8470,7028,ok,103737,139445,3
es8471,7029,ok,101704,286387,4
es8472,7030,ok,104629,113343,3
es8473,7031,ok,100080,120280,2
es8474,7032,ok,101719,296411,4
es8475,7033,ok,100862,152999,2
es8476,7034,ok,100289,141724,2
es8495,7035,ok,100115,106861,2
es8496,7036,ok,101475,207556,2
es8497,7037,ok,101633,238755,3
es8498,7038,ok,101873,258293,3
es8499,7039,ok,104137,119679,3
es8500,7040,ok,100101,242014,2
es8501,7041,ok,100056,237869,2
es8502,7042,ok,101060,255000,3
es8503,7043,ok,100865,215425,2
es8504,7044,ok,101612,302782,4
es8505,7045,ok,100418,288126,3
es8506,7046,ok,100222,304223,3
es8507,7047,ok,104758,106400,3
es8508,7048,ok,104876,105101,3
es8509,7049,ok,102429,167338,3
es8510,7050,ok,100049,252280,3
es8511,7051,ok,101284,236268,3
es8512,7052,ok,104975,105101,3
es8513,7053,ok,100432,120978,2
es8514,7054,ok,102645,168133,3
es8515,7055,ok,104835,105848,3
es8516,7056,ok,100148,168919,2
es8517,7057,ok,100325,267192,3
es8518,7058,ok,101640,244924,3
es8519,7059,ok,101276,269831,3
es8520,7060,ok,100013,115367,2
es8521,7061,ok,101741,164847,3
es8522,7062,ok,100697,262335,3
es8523,7063,ok,101621,173748,3
es8524,7064,ok,102088,243077,4
es8525,7065,ok,100184,169205,2
es8526,7066,ok,102215,229233,4
es8527,7067,ok,101169,261017,3
es8528,7068,ok,100000,100000,2
es8529,7069,ok,100250,107992,2
es8530,7070,ok,100432,142046,2
es8531,7071,ok,104941,105000,3
es8532,7072,ok,104991,105141,3
es8533,7073,ok,100051,235947,3
es8534,7074,ok,104109,112205,3
es8535,7075,ok,102375,181181,3
es8536,7076,ok,100374,117097,2
es8537,7077,ok,104778,106215,3
es8538,7078,ok,101409,263398,3
es8539,7079,ok,100352,125220,2
es8540,7080,ok,102661,164643,3
es8541,7081,ok,100344,111857,2
es8542,7082,ok,100429,112310,2
es8543,7083,ok,100093,110547,2
es8544,7084,ok,100589,117316,2
es8545,7085,ok,100012,102397,2
es8546,7086,ok,101364,178853,3
es8547,7087,ok,102350,212274,4
es8548,7088,ok,100157,102376,2
es8549,7089,ok,100000,100000,2
es8550,7090,ok,104962,105322,3
es8551,7091,ok,100000,100000,2
es8552,7092,ok,100137,104102,2
es8553,7093,ok,104772,106379,3
es8554,7094,ok,104278,115400,3
es8555,7095,ok,100006,103370,2
es8556,7096,ok,104881,105221,3
es8557,7097,ok,100345,284576,2
es8558,7098,ok,100247,288608,3
es8559,7099,ok,101339,183891,3
es8560,7100,ok,104363,117058,3
es8561,7101,ok,100044,281470,3
es8562,7102,ok,100348,283707,3
es8563,7103,ok,100094,111409,2
es8564,7104,ok,104679,106051,3
es8565,7105,ok,100000,100000,2
es8566,7106,ok,100000,100000,2
es8567,7107,ok,100000,100000,2
es8568,7108,ok,100000,100000,2
es8569,7109,ok,100000,100000,2
es8570,7110,ok,100000,100000,2
es8571,7111,ok,100000,100000,2
es8572,7112,ok,100000,100000,2
es8573,7113,ok,100000,100000,2
es8574,7114,ok,104959,105021,3
es8575,7115,ok,100000,100000,2
es8576,7116,ok,100000,100000,2
es8577,7117,ok,100000,100000,2
es8578,7118,ok,100000,100000,2
es8579,7119,ok,100000,100000,2
es8580,7120,ok,100000,100000,2
es8581,7121,ok,100000,100000,2
es8582,7122,ok,101322,211869,3
es8583,7123,ok,101056,231861,3
es8584,7124,ok,100000,100000,2
es8585,7125,ok,100000,100000,2
es8586,7126,ok,104948,105041,3
es8587,7127,ok,104583,113109,3
es8588,7128,ok,100000,100000,2
es8589,7129,ok,100025,100181,2
es8590,7130,ok,104992,105000,3
es8591,7131,ok,104959,105021,3
es8592,7132,ok,100000,100000,2
es8607,7133,ok,101406,308399,3
es8608,7134,ok,100568,282646,2
es8609,7135,ok,101250,304941,3
es8610,7136,ok,100005,315244,3
es8611,7137,ok,100603,314406,3
es8612,7138,ok,100995,315560,3
es8613,7139,ok,100034,309264,3
es8614,7140,ok,101938,246897,3
es8615,7141,ok,100387,219877,2
es8616,7142,ok,101445,316855,4
es8617,7143,ok,100255,125503,2
es8618,7144,ok,104888,106195,3
es8619,7145,ok,100500,288185,2
es8620,7146,ok,102135,175941,3
es8621,7147,ok,101759,241407,3
es8622,7148,ok,100000,100000,2
es8623,7149,ok,104476,115327,3
es8624,7150,ok,100000,100000,2
es8625,7151,ok,100000,100000,2
es8626,7152,ok,104950,105021,3
es8627,7153,ok,104772,106031,3
es8628,7154,ok,100116,108062,2
es8629,7155,ok,104810,105624,3
es8630,7156,ok,104521,112620,3
es8631,7157,ok,104972,105061,3
es8632,7158,ok,104368,117083,3
es8633,7159,ok,100255,116987,2
es8634,7160,ok,100000,100000,2
es8635,7161,ok,100004,100362,2
es8636,7162,ok,100000,100000,2
es8637,7163,ok,104857,106011,3
es8638,7164,ok,104999,105000,3
es8639,7165,ok,104946,105141,3
es8640,7166,ok,104999,105000,3
es8641,7167,ok,104945,105422,3
es8642,7168,ok,104999,105000,3
es8643,7169,ok,100000,100000,2
es8644,7170,ok,100000,100000,2
es8645,7171,ok,100129,226347,2
es8646,7172,ok,100227,102000,2
es8647,7173,ok,101770,287536,4
es8648,7174,ok,104995,105000,3
es8649,7175,ok,100371,176804,2
es8650,7176,ok,100841,375097,3
es8651,7177,ok,104146,123400,3
es8652,7178,ok,102395,172505,3
es8653,7179,ok,104817,105322,3
es8654,7180,ok,100216,103392,2
es8655,7181,ok,101698,193200,2
es8656,7182,ok,100001,101585,2
es8657,7183,ok,100437,306387,3
es8658,7184,ok,101023,310065,3
es8659,7185,ok,101053,216775,3
es8660,7186,ok,100059,108578,2
es8661,7187,ok,100881,287008,3
es8662,7188,ok,100009,100061,2
es8663,7189,ok,100403,306751,3
es8664,7190,ok,100000,100000,2
es8665,7191,ok,100013,209031,2
es8666,7192,ok,101542,221544,3
es8667,7193,ok,100053,294520,3
es8668,7194,ok,104996,105000,3
es8669,7195,ok,100000,100000,2
es8670,7196,ok,101294,235097,3
es8671,7197,ok,104982,105000,3
es8672,7198,ok,103364,138941,3
es8680,7199,ok,100231,115634,2
es8681,7200,ok,101177,224107,3
es8682,7201,ok,102194,207021,3
es8683,7202,ok,100228,289576,3
es8684,7203,ok,101230,303330,3
es8685,7204,ok,101373,288447,3
es8686,7205,ok,100235,115234,2
es8687,7206,ok,101318,302089,3
es8688,7207,ok,101870,227618,3
es8689,7208,ok,100529,278075,3
es8706,7209,ok,104129,120741,3
es8707,7210,ok,100523,285389,2
es8708,7211,ok,100449,288608,3
es8709,7212,ok,102133,230632,3
es8710,7213,ok,100934,239412,3
es8711,7214,ok,100953,236375,3
es8712,7215,ok,100645,268297,3
es8713,7216,ok,101779,180378,3
es8714,7217,ok,103960,128457,3
es8715,7218,ok,101037,211441,3
es8716,7219,ok,103316,139880,3
es8717,7220,ok,100278,247131,3
es8718,7221,ok,100000,100000,2
es8719,7222,ok,104738,105685,3
es8720,7223,ok,101794,216149,3
es8721,7224,ok,100762,297398,3
es8722,7225,ok,100766,217771,2
es8723,7226,ok,100604,166945,2
es8724,7227,ok,100643,141483,2
es8725,7228,ok,100254,134085,2
es8726,7229,ok,102621,181367,3
es8727,7230,ok,102190,187749,3
es8728,7231,ok,103559,140136,3
es8729,7232,ok,100729,157630,2
es8730,7233,ok,102219,171390,3
es8731,7234,ok,100090,140965,2
es8732,7235,ok,104599,106420,3
es8733,7236,ok,104898,105483,3
es8734,7237,ok,101880,256636,3
es8735,7238,ok,100562,285427,3
es8736,7239,ok,102152,183063,3
es8737,7240,ok,101218,259195,3
es8738,7241,ok,101658,200161,3
es8739,7242,ok,101751,291862,3
es8740,7243,ok,100002,107504,2
es8741,7244,ok,103749,130913,3
es8742,7245,ok,100766,264741,3
es8743,7246,ok,102426,198874,3
es8744,7247,ok,103996,126007,3
es8745,7248,ok,100836,145901,2
es8746,7249,ok,100607,246197,3
es8747,7250,ok,100408,153894,2
es8748,7251,ok,100949,230836,3
es8749,7252,ok,104991,105000,3
es8750,7253,ok,100108,109099,2
es8751,7254,ok,104240,116907,3
es8752,7255,ok,104094,125193,3
es8753,7256,ok,100282,112918,2
es8754,7257,ok,100072,129534,2
es8755,7258,ok,104489,115230,3
es8756,7259,ok,100579,259066,3
es8757,7260,ok,101083,212857,2
es8758,7261,ok,100401,214869,2
es8759,7262,ok,101710,282611,4
es8760,7263,ok,101748,204442,3
es8761,7264,ok,100639,225023,2
es8762,7265,ok,103620,136200,3
es8763,7266,ok,100062,255000,3
es8764,7267,ok,100696,256636,3
es8765,7268,ok,100615,121095,2
es8766,7269,ok,100565,115501,2
es8767,7270,ok,104176,113625,3
es8768,7271,ok,100313,145943,2
es8769,7272,ok,100085,108507,2
es8770,7273,ok,104420,117512,3
es8771,7274,ok,102436,201619,3
es8772,7275,ok,102088,211783,3
es8773,7276,ok,100284,200884,2
es8774,7277,ok,100181,102839,2
es8775,7278,ok,100046,100161,2
es8776,7279,ok,104929,105241,3
es8777,7280,ok,100041,103306,2
es8778,7281,ok,100000,100000,2
es8779,7282,ok,100719,119847,2
es8780,7283,ok,100088,101215,2
es8781,7284,ok,101718,250219,3
es8782,7285,ok,101766,221451,3
es8799,7286,ok,100166,114234,2
es8800,7287,ok,100477,295858,2
es8801,7288,ok,100125,118963,2
es8802,7289,ok,104962,105000,3
es8803,7290,ok,100341,125188,2
es8804,7291,ok,104386,115939,3
es8829,7292,ok,100000,100000,2
es8830,7293,ok,101198,293185,3
es8831,7294,ok,100034,178572,2
es8832,7295,ok,100000,100000,2
es8833,7296,ok,104916,105543,3
es8834,7297,ok,103297,148185,3
es8835,7298,ok,100583,146199,2
es8836,7299,ok,100265,104363,2
es8837,7300,ok,100238,105197,2
es8838,7301,ok,100154,171527,2
es8839,7302,ok,101383,284956,3
es8840,7303,ok,100612,244619,2
es8841,7304,ok,101942,266282,4
es8842,7305,ok,100535,132416,2
es8843,7306,ok,104845,105665,3
es8844,7307,ok,101866,183381,3
es8845,7308,ok,103108,163028,3
es8846,7309,ok,100044,125597,2
es8847,7310,ok,100021,100101,2
es8848,7311,ok,100038,100301,2
es8849,7312,ok,100000,100000,2
es8850,7313,ok,101042,273962,3
es8851,7314,ok,100454,139548,2
es8852,7315,ok,101747,188285,3
es8855,7316,ok,100000,100000,2
es8856,7317,ok,104847,105322,3
es8857,7318,ok,100000,100000,2
es8858,7319,ok,100700,175378,2
es8859,7320,ok,104834,105362,3
es8860,7321,ok,100355,302797,3
es8861,7322,ok,100060,114234,2
es8862,7323,ok,100916,239694,2
es8863,7324,ok,102316,218311,3
es8864,7325,ok,100305,196773,2
es8865,7326,ok,104886,106195,3
es8866,7327,ok,100788,239579,2
es8867,7328,ok,104799,105665,3
es8868,7329,ok,100506,169722,2
es8869,7330,ok,100076,299291,3
es8873,7331,ok,100280,112842,2
es8875,7332,ok,104684,110043,3
es8884,7333,ok,104999,105000,3
es8885,7334,ok,102199,227718,3
es8897,7335,ok,104999,105000,3
es8898,7336,ok,101086,184084,3
es8899,7337,ok,100014,100081,2
es8900,7338,ok,102450,187349,3
es8901,7339,ok,100495,147233,2
es8902,7340,ok,100061,113534,2
es8923,7341,ok,100021,100081,2
es8924,7342,ok,100339,121448,2
es8925,7343,ok,104993,105000,3
es8926,7344,ok,104999,105000,3
es8927,7345,ok,100122,142654,2
es8928,7346,ok,102309,195767,3
es8929,7347,ok,100892,123518,2
es8930,7348,ok,100139,305662,3
es8931,7349,ok,100747,279877,3
es8932,7350,ok,100282,130447,2
es8933,7351,ok,103311,150731,3
es8934,7352,ok,100092,278552,2
es8935,7353,ok,101671,280815,4
es8936,7354,ok,100296,273385,3
es8937,7355,ok,103212,154433,3
es8938,7356,ok,104874,105382,3
es8939,7357,ok,100262,136166,2
es8940,7358,ok,100487,176554,2
es8941,7359,ok,101606,231161,2
es8942,7360,ok,104853,106668,3
es8943,7361,ok,104801,109232,3
es8944,7362,ok,101749,203650,3
es8945,7363,ok,100603,118794,2
es8946,7364,ok,100610,242869,3
es8947,7365,ok,101444,226927,3
es8948,7366,ok,100756,224684,3
es8949,7367,ok,100141,306387,3
es8950,7368,ok,100608,296209,2
es8951,7369,ok,100825,134699,2
es8952,7370,ok,100000,100000,2
es8953,7371,ok,104999,105000,3
es8954,7372,ok,104994,105000,3
es8955,7373,ok,100000,100000,2
es8956,7374,ok,100000,100000,2
es8957,7375,ok,100000,100000,2
es8958,7376,ok,104766,109800,3
es8959,7377,ok,104864,105281,3
es8960,7378,ok,104645,107439,3
es8961,7379,ok,100000,100000,2
es8962,7380,ok,100030,103756,2
es8963,7381,ok,101068,139199,2
es8964,7382,ok,100000,100000,2
es8965,7383,ok,100207,120628,2
es8966,7384,ok,103282,137979,3
es8967,7385,ok,102043,186160,3
es8968,7386,ok,100007,126711,2
es8969,7387,ok,100058,102881,2
es8970,7388,ok,100041,131614,2
es8971,7389,ok,100088,105978,2
es8972,7390,ok,100078,103072,2
es8973,7391,ok,100113,126969,2
es8974,7392,ok,104467,114770,3
es8975,7393,ok,101632,199629,3
es8976,7394,ok,102820,168613,3
es8977,7395,ok,102116,163630,3
es8978,7396,ok,101336,237343,3
es8979,7397,ok,102254,177533,3
es8980,7398,ok,100028,141204,2
es8983,7399,ok,100668,380229,2
es8984,7400,ok,101121,205339,2
es8985,7401,ok,100582,245732,3
es8986,7402,ok,103234,139917,3
es8987,7403,ok,100074,106792,2
es8988,7404,ok,101419,224203,3
es8989,7405,ok,100000,100000,2
es8990,7406,ok,104862,106092,3
es8991,7407,ok,100000,100000,2
es8992,7408,ok,100016,106135,2
es8993,7409,ok,101450,207840,3
es8994,7410,ok,102714,167391,3
es8995,7411,ok,101607,255376,3
es8996,7412,ok,104882,105322,3
es8997,7413,ok,100017,106451,2
es8998,7414,ok,104307,120102,3
es8999,7415,ok,104998,105000,3
es9000,7416,ok,104913,105422,3
es9001,7417,ok,104069,122758,3
es9002,7418,ok,103265,159943,3
es9003,7419,ok,104893,105061,3
es9004,7420,ok,101947,258856,4
es9005,7421,ok,100221,138046,2
es9006,7422,ok,102695,155785,3
es9007,7423,ok,104551,112481,3
es9008,7424,ok,104845,105787,3
es9009,7425,ok,100977,187618,2
es9010,7426,ok,104743,106709,3
es9011,7427,ok,100266,111983,2
es9012,7428,ok,101159,233938,3
es9013,7429,ok,104665,109385,3
es9014,7430,ok,100263,264551,2
es9015,7431,ok,101115,181555,2
es9016,7432,ok,102144,197013,3
es9017,7433,ok,102530,184341,3
es9018,7434,ok,100066,120482,2
es9019,7435,ok,104940,105061,3
es9020,7436,ok,100012,100101,2
es9021,7437,ok,104998,105000,3
es9022,7438,ok,104999,105000,3
es9091,7439,ok,102052,241022,4
es9092,7440,ok,100062,236482,3
es9093,7441,ok,100495,207987,2
es9117,7442,ok,104992,105241,3
es9118,7443,ok,102235,166760,3
es9145,7444,ok,103322,132976,3
es9146,7445,ok,100325,106542,2
es9147,7446,ok,103390,143198,3
es9148,7447,ok,100808,364698,2
es9149,7448,ok,102376,203808,3
es9150,7449,ok,102818,141687,3
es9151,7450,ok,100180,111384,2
es9152,7451,ok,101339,225836,2
es9153,7452,ok,101259,306205,3
es9154,7453,ok,101472,318480,3
es9155,7454,ok,100735,312693,3
es9156,7455,ok,100809,266507,3
es9157,7456,ok,101074,296886,3
es9158,7457,ok,101613,309693,3
es9159,7458,ok,100380,115768,2
es9160,7459,ok,101180,305662,3
es9161,7460,ok,101510,186359,2
es9162,7461,ok,101530,310811,3
es9163,7462,ok,100000,100000,2
es9164,7463,ok,104992,105000,3
es9165,7464,ok,100245,108673,2
es9166,7465,ok,100937,187477,2
es9167,7466,ok,100272,114417,2
es9168,7467,ok,101885,185441,3
es9169,7468,ok,100262,208666,3
es9170,7469,ok,104205,121253,3
es9171,7470,ok,104995,105000,3
es9172,7471,ok,101220,276003,3
es9173,7472,ok,104981,105101,3
es9174,7473,ok,100150,104866,2
es9175,7474,ok,100514,183352,2
es9176,7475,ok,100609,130685,2
es9177,7476,ok,104690,106215,3
es9178,7477,ok,100000,100000,2
es9179,7478,ok,101027,281396,3
es9180,7479,ok,104547,113319,3
es9181,7480,ok,104970,105000,3
es9182,7481,ok,100065,106383,2
es9183,7482,ok,101259,277777,3
es9184,7483,ok,100117,205087,2
es9185,7484,ok,100290,134481,2
es9186,7485,ok,104971,105000,3
es9187,7486,ok,100134,110473,2
es9188,7487,ok,104739,105726,3
es9189,7488,ok,100394,119475,2
es9190,7489,ok,104682,107649,3
es9191,7490,ok,104989,105000,3
es9192,7491,ok,100000,100000,2
es9193,7492,ok,104842,106215,3
es9194,7493,ok,104745,109211,3
es9195,7494,ok,104924,105121,3
es9196,7495,ok,100000,100000,2
es9197,7496,ok,100484,235073,2
es9198,7497,ok,104777,108670,3
es9200,7498,ok,100000,100000,2
es9201,7499,ok,104973,105000,3
es9202,7500,ok,100433,111235,2
es9203,7501,ok,100000,100000,2
es9204,7502,ok,100000,100000,2
es9205,7503,ok,100519,183756,2
es9206,7504,ok,100000,100000,2
es9207,7505,ok,104799,106215,3
es9208,7506,ok,104792,105362,3
es9209,7507,ok,104830,105503,3
es9210,7508,ok,100000,100000,2
es9211,7509,ok,100000,100000,2
es9212,7510,ok,101393,193395,3
es9213,7511,ok,104896,106215,3
